_key,_id,_from,_to,_rev,destinationGlobalID,esri__rtn,globalid,id,objectid,originGlobalID
esri__HasBrewery_309881,esri__single_edge_collection/esri__HasBrewery_309881,Beer/265006,Brewery/264712,_dMtPKe2-Av,{4407B7F4-A643-4379-BBF5-FF48D29FC977},HasBrewery,{3689CAC5-1F41-4DF6-BD58-ABB2F47D38E8},19,309881,{7AE4FDD8-BDFE-437E-88D9-B544BC546933}
esri__HasBrewery_309884,esri__single_edge_collection/esri__HasBrewery_309884,Beer/265009,Brewery/261978,_dMtPKe2-Aw,{1314A434-DF6F-4330-9188-515660E7CB1B},HasBrewery,{F381F857-8D11-4F9F-BBF9-6C6DB999A3E2},45,309884,{CD11C790-DED2-4F20-99A6-53FDFD2490FD}
esri__HasBrewery_309887,esri__single_edge_collection/esri__HasBrewery_309887,Beer/265012,Brewery/260908,_dMtPKey-Ar,{747C0EF4-E6C5-4499-A7C3-B4449F571D90},HasBrewery,{4DB55504-22CD-4A8E-A866-43C9F880A175},69,309887,{AD30FC79-9DD1-4975-BCD1-44988C37F7E0}
esri__HasBrewery_309890,esri__single_edge_collection/esri__HasBrewery_309890,Beer/265015,Brewery/263055,_dMtPKe2-Ax,{B9A40456-411A-4A9F-A4A4-2DC106F75DD6},HasBrewery,{ADB04FE8-5306-4A30-8538-C55805DFD6CB},57,309890,{D7FF517C-187B-4537-8C1C-1AA366E26936}
esri__HasBrewery_309893,esri__single_edge_collection/esri__HasBrewery_309893,Beer/265018,Brewery/263474,_dMtPKe2-AN,{DFF62E4D-2CF1-49B1-B5BB-99B455EF8CCB},HasBrewery,{FEB7BA76-00CB-4D79-98BC-7D0451C4867E},26,309893,{07390DF4-5B45-42CF-AD2F-ADB960D583B0}
esri__HasBrewery_310055,esri__single_edge_collection/esri__HasBrewery_310055,Beer/265180,Brewery/261169,_dMtPKe2-Ay,{FF4CD3C6-5393-407F-9583-70EF0D90E5C2},HasBrewery,{F57E9585-3247-4A5A-9988-BC70F5DE1D43},279,310055,{2A99ADF6-E930-42CE-9EFB-D15AF034A803}
esri__HasBrewery_310160,esri__single_edge_collection/esri__HasBrewery_310160,Beer/265285,Brewery/262158,_dMtPKe2-A0,{2BED47B7-9179-47E1-A6DB-8492030D5F9C},HasBrewery,{3D2C1080-463D-4FD2-BEA2-F4F409FB6C53},454,310160,{62AAF37B-D20E-4E28-98D4-DF0864BC477D}
esri__HasBrewery_310163,esri__single_edge_collection/esri__HasBrewery_310163,Beer/265288,Brewery/260968,_dMtPKey-_G,{C1B3D82E-F02D-4311-A4FD-BD87FEB6A0C4},HasBrewery,{047D1E02-05B1-434B-B6DE-9EF8F63D22C0},461,310163,{2FBA7C82-5327-4190-9C63-79ABEC666362}
esri__HasBrewery_310166,esri__single_edge_collection/esri__HasBrewery_310166,Beer/265291,Brewery/264421,_dMtPKe2-A1,{2B486EB3-785F-47CA-9C65-7A63E5E2073F},HasBrewery,{0F7E1836-E0C8-4132-8F59-38EC9627F60D},473,310166,{9874A305-2C5A-46C0-8352-E385402CFD4C}
esri__HasBrewery_310169,esri__single_edge_collection/esri__HasBrewery_310169,Beer/265294,Brewery/264601,_dMtPKe2-A2,{B013E9FA-188C-47F6-B2CC-176AC7CF88B1},HasBrewery,{C138A9AB-5954-4864-98A8-A5926E97356C},482,310169,{11EB8122-842E-4D73-9D92-553E9D8F2FF6}
esri__HasBrewery_310436,esri__single_edge_collection/esri__HasBrewery_310436,Beer/265566,Brewery/264034,_dMtPKe2--m,{74945FDB-BA29-43BC-8141-CF7275D0BDC9},HasBrewery,{331D27AB-7A39-4C84-99DD-27AF80CD7C2C},877,310436,{0573044F-5BA9-4624-B9CF-EB71E9A09358}
esri__HasBrewery_310439,esri__single_edge_collection/esri__HasBrewery_310439,Beer/265569,Brewery/262656,_dMtPKe2--D,{F73CC8BE-3F2F-4DF2-9F8A-2FA65C95165C},HasBrewery,{C5B10288-4266-4CE5-A582-D985DE97CF05},266,310439,{9C1047C2-3473-4969-89F2-A785D9815112}
esri__HasBrewery_310442,esri__single_edge_collection/esri__HasBrewery_310442,Beer/265572,Brewery/263225,_dMtPKey-_l,{387048FE-9EA7-4927-B5E9-F79E0888F269},HasBrewery,{98B3152D-18B3-477D-BB41-11A077DB3130},880,310442,{BE9D2918-6FBF-45DA-90C0-3EAAEAD67706}
esri__HasBrewery_310445,esri__single_edge_collection/esri__HasBrewery_310445,Beer/265575,Brewery/262845,_dMtPKey--G,{F4E2CBD5-3E80-4AE4-A709-ED18CE14D282},HasBrewery,{0CB68DBC-5AE4-4779-875D-C23BF96CDE9B},881,310445,{0480322F-FA59-4833-B6BE-9E0BADB125B7}
esri__HasBrewery_310448,esri__single_edge_collection/esri__HasBrewery_310448,Beer/265578,Brewery/264064,_dMtPKey--y,{29183596-4CC2-4189-946B-B1F837019781},HasBrewery,{1D5DBA49-FD14-4D97-AC51-3FF5F0200C23},886,310448,{DBA731B4-04B8-4EBA-94A4-C9C2B0152287}
esri__HasBrewery_310712,esri__single_edge_collection/esri__HasBrewery_310712,Beer/265842,Brewery/264763,_dMtPKe2-Ae,{C683AB04-8E90-4423-88AD-3AD17F53EC60},HasBrewery,{0BCB9D86-E346-4A6E-B8E8-B457C215B3FB},1122,310712,{AB5A9899-0B08-47A3-8989-CE53B42C3B4F}
esri__HasBrewery_310715,esri__single_edge_collection/esri__HasBrewery_310715,Beer/265845,Brewery/264949,_dMtPKe2-A3,{0316BA72-B715-4A2A-9728-793070FD52C1},HasBrewery,{8DD99246-BA18-406C-9E65-2BDA8179643E},1125,310715,{AFE69E44-1B42-4BC6-8360-ABEB8499E33C}
esri__HasBrewery_310718,esri__single_edge_collection/esri__HasBrewery_310718,Beer/265848,Brewery/260908,_dMtPKe2-_h,{747C0EF4-E6C5-4499-A7C3-B4449F571D90},HasBrewery,{63D73755-F596-4A4E-A29C-50E292AE0225},1127,310718,{A1AEA5C4-886A-45AE-8355-205F1A906049}
esri__HasBrewery_310721,esri__single_edge_collection/esri__HasBrewery_310721,Beer/265851,Brewery/262158,_dMtPKe2-A8,{2BED47B7-9179-47E1-A6DB-8492030D5F9C},HasBrewery,{648EC0C0-EE6C-4747-A0CA-156B6F3C5793},97,310721,{6C4D6D72-67CE-406C-AE2C-4573FE57C3FF}
esri__HasBrewery_310724,esri__single_edge_collection/esri__HasBrewery_310724,Beer/265854,Brewery/262116,_dMtPKey-_W,{B1917361-C4B9-48A8-A34A-7A7BB810A762},HasBrewery,{B028DBB2-23DC-4B36-AF3A-CEA002990B2A},83,310724,{D00A7C7E-6A7F-4313-A1A9-7F40E53107FE}
esri__HasBrewery_310961,esri__single_edge_collection/esri__HasBrewery_310961,Beer/266091,Brewery/262704,_dMtPKe2-B-,{D8547D6A-C4A4-49A2-B0CE-050A5E4D0FA1},HasBrewery,{371F566C-E534-4286-A97E-7FAF3A47E258},1295,310961,{03AFABF7-58F9-4350-B962-537E62442D89}
esri__HasBrewery_310988,esri__single_edge_collection/esri__HasBrewery_310988,Beer/266118,Brewery/261268,_dMtPKe2-BA,{59ECD745-0CD7-4267-B8D6-BD948AC6AAB4},HasBrewery,{F2A3C6AF-70BA-40E6-94E4-84C40A136DBC},55,310988,{C29BAA94-6CAB-449F-9E9C-472BCA520D6C}
esri__HasBrewery_310991,esri__single_edge_collection/esri__HasBrewery_310991,Beer/266121,Brewery/263055,_dMtPKe2-BD,{B9A40456-411A-4A9F-A4A4-2DC106F75DD6},HasBrewery,{8C40B62C-EE67-4BFD-9A96-E5017F341556},1016,310991,{9635657B-9CFA-4819-8570-152BAF3A6385}
esri__HasBrewery_310994,esri__single_edge_collection/esri__HasBrewery_310994,Beer/266124,Brewery/264634,_dMtPKe2-A_,{8853267A-5984-4270-BD05-F13A28A728D0},HasBrewery,{8151861D-B1BD-491B-9E81-10B599F26347},1318,310994,{534A1DFD-29D8-4E5C-892C-697C7653F4CF}
esri__HasBrewery_310997,esri__single_edge_collection/esri__HasBrewery_310997,Beer/266127,Brewery/262194,_dMtPKe2-A5,{633B0E37-9903-4769-84FE-43C757D1A337},HasBrewery,{818DBFEB-C597-465A-B849-D4415AA3F602},1126,310997,{21291BFE-5CF8-484B-A653-8900C4248586}
esri__HasBrewery_311000,esri__single_edge_collection/esri__HasBrewery_311000,Beer/266130,Brewery/263444,_dMtPKe2-BE,{CF498F63-457A-487D-A5CA-8E3261C5387B},HasBrewery,{78781A2E-73E8-4E88-BD81-D60A84E6CAAF},1319,311000,{65A48CC4-60AC-4AB4-BA65-8159BFD500CF}
esri__HasBrewery_311272,esri__single_edge_collection/esri__HasBrewery_311272,Beer/266399,Brewery/261619,_dMtPKe2-BF,{9076CEFD-EDD3-4D32-8DD0-13A63DBCDC33},HasBrewery,{6772479F-EE8E-47C9-9EE6-9D0F2A41BA5C},1510,311272,{731A652C-8CC2-4FD4-BDD8-095878A99B14}
esri__HasBrewery_311275,esri__single_edge_collection/esri__HasBrewery_311275,Beer/266402,Brewery/260926,_dMtPKe2-BJ,{7E1AA423-38C3-4FF0-B8EF-098FD47D0C6A},HasBrewery,{518E96B6-2843-4F33-A6CB-69ED1BE8AB56},804,311275,{F7F2D78E-CBD9-41A8-8739-EE98E1DF2F32}
esri__HasBrewery_311278,esri__single_edge_collection/esri__HasBrewery_311278,Beer/266405,Brewery/263519,_dMtPKe2-BN,{CDCAB3C2-9599-46E3-8709-F57A329CDBC6},HasBrewery,{38D61E0D-DC68-496B-8F8E-26B50A460E78},1270,311278,{F34CA87A-3BC7-4E03-9E9A-5E5A81414A1A}
esri__HasBrewery_311281,esri__single_edge_collection/esri__HasBrewery_311281,Beer/266408,Brewery/262770,_dMtPKe2--Z,{E03FE709-70B7-4EE5-B9E0-7590CF9518C4},HasBrewery,{0FEFB537-6AA7-4E5A-B04C-19451079F5D5},1515,311281,{C6C39E67-0DAC-4167-BCD1-EC935E9CB4CD}
esri__HasBrewery_311530,esri__single_edge_collection/esri__HasBrewery_311530,Beer/266657,Brewery/260881,_dMtPKe2-BP,{6490E304-392B-451F-B545-DDAF40D95C3B},HasBrewery,{0453AE49-738F-4FCA-816B-0498A5FE4245},1705,311530,{25C7FEAA-4E29-49F8-AA09-781B00A9CCF1}
esri__HasBrewery_311548,esri__single_edge_collection/esri__HasBrewery_311548,Beer/266675,Brewery/262656,_dMtPKe2-BQ,{F73CC8BE-3F2F-4DF2-9F8A-2FA65C95165C},HasBrewery,{33152B91-402F-408A-932B-1DA8E04C80EB},1720,311548,{D98E5412-4C45-4489-ABBD-C2C27CDFCAD9}
esri__HasBrewery_311551,esri__single_edge_collection/esri__HasBrewery_311551,Beer/266678,Brewery/260968,_dMtPKe2-BS,{C1B3D82E-F02D-4311-A4FD-BD87FEB6A0C4},HasBrewery,{26A3C2BA-D64C-41B8-86DC-736F2829C239},833,311551,{49E50A0C-622E-441C-85BD-C1A9E35BC64F}
esri__HasBrewery_311554,esri__single_edge_collection/esri__HasBrewery_311554,Beer/266681,Brewery/262623,_dMtPKe2-BU,{AB140F48-A059-4873-B021-88B256715488},HasBrewery,{D3D053D7-7EA6-438B-8B02-89B563957425},543,311554,{7C162308-5899-43E7-BEAE-15AB1CA5EF5E}
esri__HasBrewery_311557,esri__single_edge_collection/esri__HasBrewery_311557,Beer/266684,Brewery/264610,_dMtPKe2-BV,{5A8A297B-6BBB-4B68-9EC3-CDDB0E9982A7},HasBrewery,{1E1ACEB8-68A9-489B-9443-DB10F545A261},1723,311557,{DA653DDE-FFA3-4D93-803F-741684BFBF9D}
esri__HasBrewery_311731,esri__single_edge_collection/esri__HasBrewery_311731,Beer/266858,Brewery/261565,_dMtPKe2-BW,{CF75935B-20C9-45FF-8C42-86D59F9A3601},HasBrewery,{A672D187-0160-438F-9362-98E630FBB578},815,311731,{7DC49A70-1A21-4009-AEC8-8E1B1A29F2E6}
esri__HasBrewery_311824,esri__single_edge_collection/esri__HasBrewery_311824,Beer/266951,Brewery/263073,_dMtPKe2-Bb,{5205C88A-AF81-43FB-8AB6-20CFA31DBA87},HasBrewery,{E32B3556-2E29-4097-9A98-2015C7F20101},1024,311824,{35F463B7-AB29-4030-AAB9-696D0C523D75}
esri__HasBrewery_311827,esri__single_edge_collection/esri__HasBrewery_311827,Beer/266954,Brewery/261268,_dMtPKe2-Bc,{59ECD745-0CD7-4267-B8D6-BD948AC6AAB4},HasBrewery,{9EAC6A84-5DCC-4AAE-8EAF-B015A477AE18},1021,311827,{CB103572-9E8C-4029-9EDA-A62A5C75ACBE}
esri__HasBrewery_311830,esri__single_edge_collection/esri__HasBrewery_311830,Beer/266957,Brewery/262761,_dMtPKe2-Bd,{38FC102F-5631-454F-B863-D966CDB062B1},HasBrewery,{39E22F50-D6AA-4388-8929-74A0BB495818},1878,311830,{35B84F05-BBD1-4BB3-BDBB-80C267083E44}
esri__HasBrewery_311833,esri__single_edge_collection/esri__HasBrewery_311833,Beer/266960,Brewery/262050,_dMtPKe6--A,{F33CB0AF-D468-47E1-A8A2-D6F8BDF53FCA},HasBrewery,{0C9A5203-7030-4742-AC8D-E53F519D8ACC},1880,311833,{9AD20D01-2475-4382-BF78-2F71CDBF8763}
esri__HasBrewery_311836,esri__single_edge_collection/esri__HasBrewery_311836,Beer/266963,Brewery/261118,_dMtPKe6--B,{181C2B09-0B64-4B8A-82F4-35FFFCF404F4},HasBrewery,{AFC5CE57-57D4-492B-B2A3-2EA46084B241},1881,311836,{F42EA0C0-4604-42F6-96B3-2FF3F7843A92}
esri__HasBrewery_312100,esri__single_edge_collection/esri__HasBrewery_312100,Beer/267227,Brewery/262770,_dMtPKe6--C,{E03FE709-70B7-4EE5-B9E0-7590CF9518C4},HasBrewery,{CE2C984B-6BC1-43DD-B228-362D5220DF5C},1959,312100,{1AB2C471-1727-4DD9-8DAC-449F86FD38CB}
esri__HasBrewery_312103,esri__single_edge_collection/esri__HasBrewery_312103,Beer/267230,Brewery/261987,_dMtPKe6--E,{EA957358-8276-4A67-90C9-3B188BC56434},HasBrewery,{35DE40E8-4AFD-445C-936B-92ABD55FE171},504,312103,{D353C586-6992-4544-8243-A0CF9ECE34D4}
esri__HasBrewery_312106,esri__single_edge_collection/esri__HasBrewery_312106,Beer/267233,Brewery/264025,_dMtPKe6--F,{E029D0D5-B821-451A-90F7-80DC290A483B},HasBrewery,{0086014C-B3FC-4E9A-B016-68EA4835C312},1494,312106,{1463A775-D4DF-47C1-AD68-7C62C5238B67}
esri__HasBrewery_312109,esri__single_edge_collection/esri__HasBrewery_312109,Beer/267236,Brewery/262119,_dMtPKe6--H,{4B7F0922-C48E-4AF5-A84E-E4505F3CADC1},HasBrewery,{B5752DED-C2CF-4A42-BE7A-2D3F441C920A},510,312109,{053C1238-1CB5-406D-A4F9-1E6C9759F062}
esri__HasBrewery_312112,esri__single_edge_collection/esri__HasBrewery_312112,Beer/267239,Brewery/263444,_dMtPKe6--L,{CF498F63-457A-487D-A5CA-8E3261C5387B},HasBrewery,{7DE64DA6-E063-4832-B79C-D49ED6E6A2F3},1434,312112,{BE7DD8AB-87E1-40AB-B77B-313A25F94AAC}
esri__HasBrewery_312142,esri__single_edge_collection/esri__HasBrewery_312142,Beer/267269,Brewery/261565,_dMtPKe6--O,{CF75935B-20C9-45FF-8C42-86D59F9A3601},HasBrewery,{B9834623-A20E-4174-A2F5-8F8EB57434E6},1563,312142,{2B7960DD-761A-4957-AA39-DD06DFFDEADF}
esri__HasBrewery_312186,esri__single_edge_collection/esri__HasBrewery_312186,Beer/267311,Brewery/260896,_dMtPKey-Ap,{C5479051-5573-4C79-8149-534BBC20CE69},HasBrewery,{FD40EEC6-9BC9-4A4E-8C3D-2A4721F649E8},1387,312186,{F4491A16-7BCA-4882-A518-04679E020352}
esri__HasBrewery_312381,esri__single_edge_collection/esri__HasBrewery_312381,Beer/267506,Brewery/262671,_dMtPKe6--Q,{653EB05A-E99A-49EB-A30B-A3ACD4DF5307},HasBrewery,{1042BC5E-1FD2-4A30-8028-F47216F147A6},1044,312381,{18503DEF-4C01-4136-A3BF-57429602D67C}
esri__HasBrewery_312384,esri__single_edge_collection/esri__HasBrewery_312384,Beer/267509,Brewery/263885,_dMtPKe6--S,{89C1EC59-B2BD-4ECB-97EB-104A7D3266F1},HasBrewery,{7E2FEEE7-8275-46B3-B235-2D7954D7ED4F},1239,312384,{371AC42E-D153-4D8E-8795-04B332F9B22B}
esri__HasBrewery_312387,esri__single_edge_collection/esri__HasBrewery_312387,Beer/267512,Brewery/263570,_dMtPKe6--U,{8C5E628B-72D4-48C4-960E-6A309E68BD49},HasBrewery,{A8B248AB-E3D3-428E-BF74-31E5662E2F82},1036,312387,{C2E6FE5C-FD49-430C-8D32-2FDF59923418}
esri__HasBrewery_312390,esri__single_edge_collection/esri__HasBrewery_312390,Beer/267515,Brewery/263055,_dMtPKe6--X,{B9A40456-411A-4A9F-A4A4-2DC106F75DD6},HasBrewery,{E91BA9A9-7711-4B8B-8CD5-00C0C123F084},2073,312390,{41C96175-A8BD-447A-B60C-273AF1EC4390}
esri__HasBrewery_312657,esri__single_edge_collection/esri__HasBrewery_312657,Beer/267787,Brewery/262515,_dMtPKe2-_k,{F0FD274B-80A0-47C5-BB64-8A9A58EA3C7F},HasBrewery,{C50063F7-42A1-427B-9861-AA11FADD315D},2206,312657,{390654C0-0437-4258-BBD2-DE94F208DC23}
esri__HasBrewery_312660,esri__single_edge_collection/esri__HasBrewery_312660,Beer/267790,Brewery/263630,_dMtPKe6--c,{A1CF3403-9C78-4FBC-89F7-8B0F72E336A6},HasBrewery,{CDCFD280-1045-4781-B982-23AF1DB46357},2209,312660,{1FD0E796-D318-4F2E-83B6-73F17B839F80}
esri__HasBrewery_312663,esri__single_edge_collection/esri__HasBrewery_312663,Beer/267793,Brewery/264241,_dMtPKe6--f,{C0F0D0E7-85F8-46F2-A3F8-A511A297D22B},HasBrewery,{1B63A39A-6611-4E14-BF0A-5F8C8B5ADB6A},1711,312663,{5E3ED11C-DDEE-4CF5-B77E-F7B989E9DE24}
esri__HasBrewery_312666,esri__single_edge_collection/esri__HasBrewery_312666,Beer/267796,Brewery/264373,_dMtPKe6--g,{27DF9DB2-0324-4A03-8805-325F3D4E4185},HasBrewery,{6F01EDF1-549A-4B39-9C7D-5A5AFFDF1CF0},1708,312666,{81B3AFE8-55D4-4446-8C7E-CF7F14BD7E0C}
esri__HasBrewery_312669,esri__single_edge_collection/esri__HasBrewery_312669,Beer/267799,Brewery/264721,_dMtPKe6--h,{33C6B861-10F3-4FA4-9D28-B14135F1A5FC},HasBrewery,{B67D275F-1228-4A7C-A589-4F85645EDE36},2212,312669,{27CCFA06-32AD-4687-BC9D-5CC2DEDE6938}
esri__HasBrewery_312687,esri__single_edge_collection/esri__HasBrewery_312687,Beer/267817,Brewery/264037,_dMtPKey-_7,{441489AB-CAD1-4A11-BB37-A8093E67D81C},HasBrewery,{99951B05-FE13-4E33-B354-E491A044940A},2217,312687,{12FA14F9-F8CC-40D9-9626-19F900CDC373}
esri__HasBrewery_312768,esri__single_edge_collection/esri__HasBrewery_312768,Beer/267898,Brewery/261208,_dMtPKe6--k,{7A9B6A74-E3D9-4C15-8885-2D4CD9A422EA},HasBrewery,{7BC3EBC2-0328-46DA-87F6-0DDC0927D51C},4,312768,{74044CA5-5A88-4761-9272-7AE654870AC0}
esri__HasBrewery_312933,esri__single_edge_collection/esri__HasBrewery_312933,Beer/268063,Brewery/261727,_dMtPKe2--7,{4648A0E3-E765-41A9-954C-02C6EC5ACB0F},HasBrewery,{297ECB66-E14E-4B31-8A09-34EBCB9CE7CA},1446,312933,{0AC3C23B-580F-4D1A-9E71-B0BFCB73A285}
esri__HasBrewery_312936,esri__single_edge_collection/esri__HasBrewery_312936,Beer/268066,Brewery/262257,_dMtPKe2-_g,{FE7830E0-8C46-45B7-9826-3969D21D776E},HasBrewery,{DE1A625F-801A-4762-B8BB-0B92CA1CD853},253,312936,{74CCA55E-51F0-4545-91E9-03C4E2C9C623}
esri__HasBrewery_312939,esri__single_edge_collection/esri__HasBrewery_312939,Beer/268069,Brewery/264034,_dMtPKe6--n,{74945FDB-BA29-43BC-8141-CF7275D0BDC9},HasBrewery,{6AFB391A-414A-47D3-B11F-4F4F3301EE21},1831,312939,{FC74ED99-BC60-4C5F-A699-F994F986311C}
esri__HasBrewery_312942,esri__single_edge_collection/esri__HasBrewery_312942,Beer/268072,Brewery/260962,_dMtPKe6--o,{E4F536BB-C4A6-4961-B638-D02BAEE2F014},HasBrewery,{A937A8BF-70FF-4C13-997A-6BEF4819F1C6},1349,312942,{D6220333-C4EA-48D4-A411-FC790B0EB6B8}
esri__HasBrewery_312945,esri__single_edge_collection/esri__HasBrewery_312945,Beer/268075,Brewery/261526,_dMtPKe6--M,{7C338E6C-EA71-45DC-AACB-AE9375868BE7},HasBrewery,{56D585C4-BAC1-4C72-874E-CB93AB8C8586},1437,312945,{A289C32B-4570-4B69-B2CD-345CE9A03AA0}
esri__HasBrewery_313101,esri__single_edge_collection/esri__HasBrewery_313101,Beer/268231,Brewery/262278,_dMtPKe6--q,{0FF94F29-D407-49E1-BE0A-CD39F300FF0B},HasBrewery,{3EF7EE8F-D025-4902-BED2-6F31BADA9DF4},1495,313101,{7E20D812-32F7-48DC-8C1B-AC0F6CE7347D}
esri__HasBrewery_313209,esri__single_edge_collection/esri__HasBrewery_313209,Beer/268339,Brewery/262971,_dMtPKe2-_5,{835578B6-C496-4DFD-9B0A-09F639BEFAD8},HasBrewery,{AF48F07E-A6A0-4BCF-AED2-321AF4AF9131},2355,313209,{E650135A-11CC-4AF7-9785-514E818DD7A5}
esri__HasBrewery_313212,esri__single_edge_collection/esri__HasBrewery_313212,Beer/268342,Brewery/264358,_dMtPKey-A0,{B3523293-AB2D-402E-BDAF-9F6D00BD35D3},HasBrewery,{1F55FC74-816D-401D-BDF0-FE3A00671B12},2370,313212,{50718761-C5B1-4FA9-BC7C-C41A7916C77D}
esri__HasBrewery_313215,esri__single_edge_collection/esri__HasBrewery_313215,Beer/268345,Brewery/262029,_dMtPKey-A2,{791077D3-903F-4B87-A409-AD38AB66A677},HasBrewery,{2BB003B7-97D8-4D48-8392-DA86A354E71C},2001,313215,{9290B4A5-109D-449E-A854-CDCAFECF62E5}
esri__HasBrewery_313218,esri__single_edge_collection/esri__HasBrewery_313218,Beer/268348,Brewery/261109,_dMtPKey-A4,{D3098515-1344-4800-8366-DCC3D2B95B75},HasBrewery,{A50DF7F5-8802-42E9-83D7-661A820195B1},2372,313218,{8F0C4346-920A-4D55-900D-29EE64FF1ECA}
esri__HasBrewery_313221,esri__single_edge_collection/esri__HasBrewery_313221,Beer/268351,Brewery/261139,_dMtPKe2-BO,{45866300-8CF8-4A85-8925-43AD568BA78C},HasBrewery,{1EDA6E77-B9D9-4AA3-899F-218E2816B3D3},1469,313221,{F53953EF-6666-41CE-9A3A-F5342261662C}
esri__HasBrewery_313290,esri__single_edge_collection/esri__HasBrewery_313290,Beer/268420,Brewery/262983,_dMtPKe6--s,{E08DEEFC-F136-4F4E-B6D4-37E6FDD11624},HasBrewery,{846A280A-B8FF-4163-A7FF-A3ABEAF3C6E0},262,313290,{BB68AB47-F3F4-424A-82AF-013F4BB50FDB}
esri__HasBrewery_313396,esri__single_edge_collection/esri__HasBrewery_313396,Beer/268519,Brewery/264577,_dMtPKe6-_Z,{44F92146-D77D-45C9-A303-5C6416046FFD},HasBrewery,{B8DB5725-3D5D-4B23-A067-CD3E41042E58},2286,313396,{3DAE0838-DC69-4430-943B-5C50EFE81DD8}
esri__HasBrewery_313495,esri__single_edge_collection/esri__HasBrewery_313495,Beer/268618,Brewery/264025,_dMtPKe6--w,{E029D0D5-B821-451A-90F7-80DC290A483B},HasBrewery,{6D83CA67-A1B6-498F-B174-695530B153AF},2469,313495,{C81E51D2-9B15-40F1-B239-469AB79D643D}
esri__HasBrewery_313498,esri__single_edge_collection/esri__HasBrewery_313498,Beer/268621,Brewery/260782,_dMtPKe6--Y,{07EAF92B-AF65-4B79-B361-54948A2A2296},HasBrewery,{F5C034BF-A3CA-46C2-AD99-39849100D60A},2472,313498,{8AD66784-4DC0-452F-944E-C3F2CACE9CCB}
esri__HasBrewery_313501,esri__single_edge_collection/esri__HasBrewery_313501,Beer/268624,Brewery/262029,_dMtPKey-At,{791077D3-903F-4B87-A409-AD38AB66A677},HasBrewery,{163DE066-20D1-4C81-A51D-3383279C705F},2475,313501,{0B4E684F-FB57-43BF-A0ED-C799C5C51C5E}
esri__HasBrewery_313504,esri__single_edge_collection/esri__HasBrewery_313504,Beer/268627,Brewery/263474,_dMtPKe6--y,{DFF62E4D-2CF1-49B1-B5BB-99B455EF8CCB},HasBrewery,{BD60E392-36FE-4965-ABE8-A14FF4BBE772},1692,313504,{E6AE1857-012C-4D32-9AFB-0E5A9B571951}
esri__HasBrewery_313771,esri__single_edge_collection/esri__HasBrewery_313771,Beer/268896,Brewery/262158,_dMtPKe6--z,{2BED47B7-9179-47E1-A6DB-8492030D5F9C},HasBrewery,{FB24F5A9-42F7-4B64-BE82-35E3EADE562B},2589,313771,{F0E93853-5FE9-4ED1-8A58-0E29CB7273EA}
esri__HasBrewery_313774,esri__single_edge_collection/esri__HasBrewery_313774,Beer/268899,Brewery/260935,_dMtPKe6--2,{53A7BAED-EBE5-4A2F-9D98-538F2F31ED1C},HasBrewery,{C296D8DD-5D17-4AFE-BC66-E3239C95B8DC},661,313774,{F9E5DD00-6A8D-4FBF-AA2E-65211B3C2807}
esri__HasBrewery_313777,esri__single_edge_collection/esri__HasBrewery_313777,Beer/268902,Brewery/264985,_dMtPKe6--3,{C1CE5CDC-BEA2-422F-A28E-FFA2B5C59D20},HasBrewery,{61B9E005-099F-40BE-9560-2290C98350C0},1094,313777,{2B2AF245-FB7D-46F4-8CE0-5FC5F5AF8042}
esri__HasBrewery_313780,esri__single_edge_collection/esri__HasBrewery_313780,Beer/268905,Brewery/264241,_dMtPKe6--4,{C0F0D0E7-85F8-46F2-A3F8-A511A297D22B},HasBrewery,{AA0D74D3-E0E5-4181-B986-8A9EB76171FB},2594,313780,{049D8C3D-FADE-4CC0-88CD-2DC9B08E6C79}
esri__HasBrewery_314047,esri__single_edge_collection/esri__HasBrewery_314047,Beer/269172,Brewery/262158,_dMtPKe6--6,{2BED47B7-9179-47E1-A6DB-8492030D5F9C},HasBrewery,{3E95461D-91BE-47A9-965F-059B81F76E92},2681,314047,{4402C567-ED73-42E2-9882-9DA2249A407F}
esri__HasBrewery_314050,esri__single_edge_collection/esri__HasBrewery_314050,Beer/269175,Brewery/260797,_dMtPKe6--7,{E6F5E026-C09B-4F2C-A2BD-FB236220458C},HasBrewery,{90092D7D-6435-47EE-9D86-7F8F0812BC01},2685,314050,{5F305422-CCF3-4BA4-B2BD-D1566DAE2E77}
esri__HasBrewery_314053,esri__single_edge_collection/esri__HasBrewery_314053,Beer/269178,Brewery/261828,_dMtPKe6--8,{75A63FA1-5DF4-446C-AB66-916E35BEFE96},HasBrewery,{BDD16251-CF4E-470B-AA6B-ED254E9083D9},2687,314053,{705691BF-7CCA-4B97-8603-06F9B851C857}
esri__HasBrewery_314056,esri__single_edge_collection/esri__HasBrewery_314056,Beer/269181,Brewery/262839,_dMtPKe2-_P,{DEE8A2E3-0F33-4A6B-A755-2D649A51525E},HasBrewery,{179919B3-EED7-42FF-A90F-EF754AF9E693},2688,314056,{749CBD0E-36C8-4B95-9083-A097F888F1FB}
esri__HasBrewery_314323,esri__single_edge_collection/esri__HasBrewery_314323,Beer/269448,Brewery/263330,_dMtPKe6--9,{7F049D2D-A6C2-4C3B-B2E4-08EE529E91F7},HasBrewery,{E4CC4DCA-3EC3-4FD0-918D-FDE1B9C188E6},1540,314323,{9B125C65-7FEC-4E5F-B19A-70ED0E8D14A3}
esri__HasBrewery_314326,esri__single_edge_collection/esri__HasBrewery_314326,Beer/269451,Brewery/261094,_dMtPKe6-_A,{90D22566-D25B-46BE-8239-F65EE9DEB258},HasBrewery,{6B16264E-DBF7-4F19-AC3C-53F61A7635B4},2778,314326,{2CE52BDC-B951-41E3-A878-E28781E6BBF9}
esri__HasBrewery_314329,esri__single_edge_collection/esri__HasBrewery_314329,Beer/269454,Brewery/264496,_dMtPKe2--v,{C23C8068-E44C-4656-93A8-5E54FB26E0B5},HasBrewery,{02FE9978-5E2D-41AE-B805-E001D1691CB3},2056,314329,{0B5C083E-E7EF-454A-921C-5B844AC57CB5}
esri__HasBrewery_314332,esri__single_edge_collection/esri__HasBrewery_314332,Beer/269457,Brewery/260797,_dMtPKe2-AB,{E6F5E026-C09B-4F2C-A2BD-FB236220458C},HasBrewery,{FC399858-AB34-4698-9881-22A26390514F},1572,314332,{2679367C-A41B-4BA1-A942-D79BB54EB357}
esri__HasBrewery_314335,esri__single_edge_collection/esri__HasBrewery_314335,Beer/269460,Brewery/262116,_dMtPKe6-_B,{B1917361-C4B9-48A8-A34A-7A7BB810A762},HasBrewery,{5C209496-9F34-4EFE-A086-FC227EA849D5},2780,314335,{12E5399C-3F24-45BB-B3E1-917B81F4574A}
esri__HasBrewery_314505,esri__single_edge_collection/esri__HasBrewery_314505,Beer/269628,Brewery/264577,_dMtPKfC--3,{44F92146-D77D-45C9-A303-5C6416046FFD},HasBrewery,{3953BE86-68FF-48C5-B6C9-53A1D6BCCEFE},2843,314505,{C160EDFA-E756-4B91-B949-E02E99E1B078}
esri__HasBrewery_314601,esri__single_edge_collection/esri__HasBrewery_314601,Beer/269724,Brewery/263157,_dMtPKe6-_C,{6C52C6B4-F596-414F-853A-D5156BE97270},HasBrewery,{3E405447-CF77-4B86-881B-0E6A0880A634},830,314601,{D2B073D5-A13F-4AAD-ADEA-E4DFC9730C41}
esri__HasBrewery_314604,esri__single_edge_collection/esri__HasBrewery_314604,Beer/269727,Brewery/261184,_dMtPKe6-_D,{78A59053-AC22-4BDD-A5B5-931EF948688F},HasBrewery,{36F1B306-CDFD-445B-8DF0-AA3E4891552F},2896,314604,{118440FE-4FBF-410A-B187-0A5C88B051A4}
esri__HasBrewery_314607,esri__single_edge_collection/esri__HasBrewery_314607,Beer/269730,Brewery/264634,_dMtPKe6-_E,{8853267A-5984-4270-BD05-F13A28A728D0},HasBrewery,{E2D55DF5-4852-4E56-B7E9-CE82FC7CE2B1},1278,314607,{80EB2F13-6C71-4894-998D-B6980D1E4037}
esri__HasBrewery_314610,esri__single_edge_collection/esri__HasBrewery_314610,Beer/269733,Brewery/261010,_dMtPKe6--p,{BF231467-3AA3-4411-9700-8DFDEF229C58},HasBrewery,{658F8F32-9693-46C9-B304-A06F240D2287},989,314610,{1CF9DA75-E6BA-4D44-8F73-E8F9C1E55D54}
esri__HasBrewery_314613,esri__single_edge_collection/esri__HasBrewery_314613,Beer/269736,Brewery/263474,_dMtPKey-AE,{DFF62E4D-2CF1-49B1-B5BB-99B455EF8CCB},HasBrewery,{9C959AE9-CF97-4DE4-9D19-1D126925A2B4},387,314613,{1CE8B384-7BF5-4289-A7DF-0AC0151AE5DE}
esri__HasBrewery_314880,esri__single_edge_collection/esri__HasBrewery_314880,Beer/270008,Brewery/264034,_dMtPKe2-__,{74945FDB-BA29-43BC-8141-CF7275D0BDC9},HasBrewery,{02AB1E61-9004-42FD-A0E5-04B0499DC50C},2992,314880,{5E1AA5E3-54B4-4E69-B7D7-09914CC0222A}
esri__HasBrewery_314883,esri__single_edge_collection/esri__HasBrewery_314883,Beer/270011,Brewery/263954,_dMtPKe6-_I,{56F297B1-0A30-4575-ADD4-5B2C0F043154},HasBrewery,{919A95C3-D858-4C6F-873C-90DDE820AE9E},2994,314883,{6A1BD952-1B79-4BD0-801D-7E4FB7422C91}
esri__HasBrewery_314886,esri__single_edge_collection/esri__HasBrewery_314886,Beer/270014,Brewery/263052,_dMtPKe6--I,{14292B22-C0FC-42C4-95A2-820034534E28},HasBrewery,{EE167C2D-3963-4685-92D5-F13E1AC271E6},2997,314886,{834AE933-E99C-4130-B049-FBEC4EE9530D}
esri__HasBrewery_314889,esri__single_edge_collection/esri__HasBrewery_314889,Beer/270017,Brewery/260971,_dMtPKe6--G,{109938CB-D933-47CC-9D64-9063BDF634AC},HasBrewery,{E54B64C8-9ACC-4867-A9A4-E7A85BD6164E},3003,314889,{AD34164E-2B09-4F01-8D4E-D0D077463579}
esri__HasBrewery_315156,esri__single_edge_collection/esri__HasBrewery_315156,Beer/270284,Brewery/263495,_dMtPKe6-_K,{90F8FDB2-A7F2-434C-A82D-FDFB42AE4E37},HasBrewery,{57201335-F619-4118-9610-141FE36F418C},3173,315156,{138AA334-62E8-4824-BDD5-84DCF4327B39}
esri__HasBrewery_315159,esri__single_edge_collection/esri__HasBrewery_315159,Beer/270287,Brewery/262656,_dMtPKe6-_M,{F73CC8BE-3F2F-4DF2-9F8A-2FA65C95165C},HasBrewery,{84EAD35E-5211-4CBF-BFC4-AC7D19838B66},3177,315159,{AB9E3871-3E7D-45E2-B02B-DD51AE620CF1}
esri__HasBrewery_315162,esri__single_edge_collection/esri__HasBrewery_315162,Beer/270290,Brewery/263106,_dMtPKe6-_O,{5BBB1F86-5696-4468-84C6-F28877615564},HasBrewery,{4CC6C86F-AD2D-4284-B8B0-187E56E9F7F4},1200,315162,{87D9FA50-6586-46EA-8663-D086735BA775}
esri__HasBrewery_315165,esri__single_edge_collection/esri__HasBrewery_315165,Beer/270293,Brewery/263765,_dMtPKe6--T,{F35EDD56-10BA-45EB-8784-B7FF7F270BC7},HasBrewery,{600EACA9-5C44-4E00-95D9-751C759D740B},3178,315165,{29F1C61D-8045-452C-BFFD-C5D430C1B6CC}
esri__HasBrewery_315168,esri__single_edge_collection/esri__HasBrewery_315168,Beer/270296,Brewery/264064,_dMtPKe6-_Q,{29183596-4CC2-4189-946B-B1F837019781},HasBrewery,{793459D2-69EE-45E9-865F-518AED918C2F},3179,315168,{43BBFF5E-A5E2-4A93-B62F-2FF0E8F638EA}
esri__HasBrewery_315366,esri__single_edge_collection/esri__HasBrewery_315366,Beer/270494,Brewery/260932,_dMtPKe6-_S,{36F816C9-6624-4450-B0E6-B1DEC6B6C869},HasBrewery,{640E1E84-E7B6-4026-A87E-CDEAE966D922},3223,315366,{518D2526-B757-4FB2-9BBF-CE47EF016F0E}
esri__HasBrewery_315432,esri__single_edge_collection/esri__HasBrewery_315432,Beer/270560,Brewery/262203,_dMtPKe2-_O,{4442BC35-4160-40C2-987B-5CA6D3ED7B3C},HasBrewery,{2F0A26B3-B3A7-48F8-B137-56EE46C9C9A3},2557,315432,{7D7E6A31-4F5D-4F0C-8A12-D2EE51D86188}
esri__HasBrewery_315435,esri__single_edge_collection/esri__HasBrewery_315435,Beer/270563,Brewery/262872,_dMtPKe2-_K,{2B2208E6-353E-4C5F-AAF4-5D08720D833B},HasBrewery,{C5A88E7D-9BE7-4E07-BE69-A04A4B3118DE},3249,315435,{27CF15BE-0386-45B8-BF48-EB7A2FE41187}
esri__HasBrewery_315438,esri__single_edge_collection/esri__HasBrewery_315438,Beer/270566,Brewery/263336,_dMtPKe6-_U,{26CC329F-5619-4089-8850-3F6B4985256B},HasBrewery,{954BD5B1-0F4D-45E0-84BF-1D78CE05F3A3},3250,315438,{848350F7-23C9-4188-A070-22464C00C1C5}
esri__HasBrewery_315441,esri__single_edge_collection/esri__HasBrewery_315441,Beer/270569,Brewery/261987,_dMtPKe6-_W,{EA957358-8276-4A67-90C9-3B188BC56434},HasBrewery,{B8658350-B4C4-431F-BDAA-A91B11BFC525},1818,315441,{A9EF40D3-EB0D-485B-9EB4-D9FF3B18EB82}
esri__HasBrewery_315444,esri__single_edge_collection/esri__HasBrewery_315444,Beer/270572,Brewery/262116,_dMtPKe6-_X,{B1917361-C4B9-48A8-A34A-7A7BB810A762},HasBrewery,{4F82B37D-CBA5-41B5-A941-B8B7ED8B43F5},2142,315444,{5F590875-A6AB-436C-9F40-7CADF841C8E9}
esri__HasBrewery_315620,esri__single_edge_collection/esri__HasBrewery_315620,Beer/270743,Brewery/261613,_dMtPKe6-_Y,{F0C70D7B-670F-4A3A-BF78-CA0C85C1BA20},HasBrewery,{C162C916-73A7-4D8D-907D-CC07BEC476A8},123,315620,{A012C1F0-C269-4560-BBAF-EA5B5621ACBC}
esri__HasBrewery_315713,esri__single_edge_collection/esri__HasBrewery_315713,Beer/270836,Brewery/262944,_dMtPKe6-_a,{71C487AE-21C9-47E6-BBE7-8B8318926DC5},HasBrewery,{14E03A84-19C1-4E3E-88FB-B73E2C4FAC78},1589,315713,{334C5ED6-6A64-44D0-91B4-CEBD3084DA9D}
esri__HasBrewery_315716,esri__single_edge_collection/esri__HasBrewery_315716,Beer/270839,Brewery/262203,_dMtPKe6-_b,{4442BC35-4160-40C2-987B-5CA6D3ED7B3C},HasBrewery,{8CBF1CB5-5663-438E-AD66-56C7C9085A7D},1386,315716,{2BE53A1B-3732-40CF-926E-E392DD291C4E}
esri__HasBrewery_315719,esri__single_edge_collection/esri__HasBrewery_315719,Beer/270842,Brewery/262245,_dMtPKe6-_c,{D8C33D6C-077B-42DF-A717-337CC6214800},HasBrewery,{3F17C4A1-600D-497D-99E7-99FB928DEE40},1995,315719,{1A70261D-C713-4A32-B864-BC55D87B0E3C}
esri__HasBrewery_315722,esri__single_edge_collection/esri__HasBrewery_315722,Beer/270845,Brewery/261010,_dMtPKe6-_e,{BF231467-3AA3-4411-9700-8DFDEF229C58},HasBrewery,{DB88C892-6564-437B-A1D1-92C6B10143C0},3342,315722,{C95D91AF-695C-4199-9EE7-3B56D2A4A362}
esri__HasBrewery_315725,esri__single_edge_collection/esri__HasBrewery_315725,Beer/270848,Brewery/263444,_dMtPKe6--l,{CF498F63-457A-487D-A5CA-8E3261C5387B},HasBrewery,{AC6E597A-9530-4EE2-B69B-F8A5ADA80E0F},3346,315725,{87F83DB6-BCAF-4E40-85EC-C0970C438476}
esri__HasBrewery_315764,esri__single_edge_collection/esri__HasBrewery_315764,Beer/270887,Brewery/261613,_dMtPKe6--d,{F0C70D7B-670F-4A3A-BF78-CA0C85C1BA20},HasBrewery,{5C1DAAE0-977C-4BFF-A9EE-3FD060463371},3374,315764,{1A0164D6-2A12-46C9-82CD-0874F2093EB8}
esri__HasBrewery_315992,esri__single_edge_collection/esri__HasBrewery_315992,Beer/271117,Brewery/261727,_dMtPKey-BC,{4648A0E3-E765-41A9-954C-02C6EC5ACB0F},HasBrewery,{7FE1D860-A278-421A-B223-07AB9E3ED133},3440,315992,{9DD27A1B-C077-48E7-BD71-A0B6724609C4}
esri__HasBrewery_315995,esri__single_edge_collection/esri__HasBrewery_315995,Beer/271120,Brewery/262311,_dMtPKe6-_f,{A94C8610-5B7B-470F-9AB1-9000AEC0B610},HasBrewery,{DBB4BCFD-1062-4A02-B624-BEF9010C686F},3441,315995,{5BE891DA-0416-4729-AE90-8588EFB9EAF7}
esri__HasBrewery_315998,esri__single_edge_collection/esri__HasBrewery_315998,Beer/271123,Brewery/264583,_dMtPKe6-_g,{CD873BE7-15B9-4F10-A0B1-571BC50F9053},HasBrewery,{2D3E4019-0740-46AF-BC90-02F6EB2399E0},3442,315998,{6B70537F-98E4-4198-A59D-C758DB67CE41}
esri__HasBrewery_316001,esri__single_edge_collection/esri__HasBrewery_316001,Beer/271126,Brewery/263474,_dMtPKey-AA,{DFF62E4D-2CF1-49B1-B5BB-99B455EF8CCB},HasBrewery,{09B90194-0C2C-4718-8375-C89BAFC8C91E},2680,316001,{74F48F4B-B335-4AEC-B894-C7D3C9581AA8}
esri__HasBrewery_316268,esri__single_edge_collection/esri__HasBrewery_316268,Beer/271393,Brewery/264979,_dMtPKe6-_j,{F53DCFD9-D936-4051-850D-16E5ECC4B822},HasBrewery,{FAF3BBF4-E662-462D-917C-C111688DD22A},159,316268,{58555D68-1DE4-4DE7-A2BE-3B524142EA85}
esri__HasBrewery_316271,esri__single_edge_collection/esri__HasBrewery_316271,Beer/271396,Brewery/262662,_dMtPKe6-_m,{6722C411-0C11-4DEE-8044-DDF262ECF4D3},HasBrewery,{01A6A21B-512F-4271-8642-EC67DF8B755E},1954,316271,{862B1F6F-24D4-42F9-99CA-5B923B650897}
esri__HasBrewery_316274,esri__single_edge_collection/esri__HasBrewery_316274,Beer/271399,Brewery/264430,_dMtPKe6-_n,{7FC2E45A-605A-4E8F-BC91-F1B8EFEFDA7B},HasBrewery,{2640C96E-70F3-4E6F-8CBC-4A15E058F2D2},1693,316274,{FD4D650A-ACA9-4D9B-B783-731D80EA0EFB}
esri__HasBrewery_316277,esri__single_edge_collection/esri__HasBrewery_316277,Beer/271402,Brewery/261499,_dMtPKe6-_-,{246427EE-BA02-419C-9727-A9043F398856},HasBrewery,{67A4613F-1F96-4BB3-B779-E8148C02B9BE},1759,316277,{02AB4960-224F-460A-92FC-A6FBE7A7FF38}
esri__HasBrewery_316544,esri__single_edge_collection/esri__HasBrewery_316544,Beer/271669,Brewery/262203,_dMtPKe6-_o,{4442BC35-4160-40C2-987B-5CA6D3ED7B3C},HasBrewery,{44C399FB-B6D9-4078-83E6-9BDF85FDACFC},3603,316544,{05221279-5DEE-45D5-8F38-A0793F7FB596}
esri__HasBrewery_316547,esri__single_edge_collection/esri__HasBrewery_316547,Beer/271672,Brewery/262257,_dMtPKe6-_r,{FE7830E0-8C46-45B7-9826-3969D21D776E},HasBrewery,{7FD56E70-AE3E-4010-8518-C2FCF358A739},3605,316547,{C74AF56A-166C-4E0E-B7C2-5C42371EFA9F}
esri__HasBrewery_316550,esri__single_edge_collection/esri__HasBrewery_316550,Beer/271675,Brewery/261094,_dMtPKe2-_t,{90D22566-D25B-46BE-8239-F65EE9DEB258},HasBrewery,{9964289E-7374-4791-97ED-C1DEB9BFEEB3},3607,316550,{5D4C1499-A74D-4109-90CC-FAAEBCF03895}
esri__HasBrewery_316553,esri__single_edge_collection/esri__HasBrewery_316553,Beer/271678,Brewery/264208,_dMtPKe6-_v,{4F787B05-E576-4F3D-9ADC-ED48CC239851},HasBrewery,{A54BCD44-545C-44AB-8A86-DFB975217786},3609,316553,{2788BC0C-91CE-4B11-B354-01B541EFA9F6}
esri__HasBrewery_316558,esri__single_edge_collection/esri__HasBrewery_316558,Beer/271681,Brewery/261526,_dMtPKe6-_z,{7C338E6C-EA71-45DC-AACB-AE9375868BE7},HasBrewery,{B29EFFB7-9FD1-4ED8-ACB2-FEB6D8137F6E},3611,316558,{5CB5BAFA-C83D-4045-89BF-94A140EBF38A}
esri__HasBrewery_316774,esri__single_edge_collection/esri__HasBrewery_316774,Beer/271897,Brewery/262515,_dMtPKe6-_1,{F0FD274B-80A0-47C5-BB64-8A9A58EA3C7F},HasBrewery,{DED654F8-7B1B-43B1-B5EA-ADB35D83DAEC},3678,316774,{B9B2517C-2212-430D-B354-561905D2ADA6}
esri__HasBrewery_316822,esri__single_edge_collection/esri__HasBrewery_316822,Beer/271945,Brewery/262971,_dMtPKe6-_2,{835578B6-C496-4DFD-9B0A-09F639BEFAD8},HasBrewery,{A6CF967A-54B1-4796-8CFC-560E28D3D409},3703,316822,{E50F24B1-AC2F-4D04-AE13-679BE1036745}
esri__HasBrewery_316825,esri__single_edge_collection/esri__HasBrewery_316825,Beer/271948,Brewery/261987,_dMtPKe2--9,{EA957358-8276-4A67-90C9-3B188BC56434},HasBrewery,{C6EF189F-99D6-4EB7-A85F-AE1C01FCA72F},3704,316825,{56761CA2-0B87-4C2E-B427-0762DEDDFB64}
esri__HasBrewery_316828,esri__single_edge_collection/esri__HasBrewery_316828,Beer/271951,Brewery/261727,_dMtPKe2-_B,{4648A0E3-E765-41A9-954C-02C6EC5ACB0F},HasBrewery,{9C19B219-A03F-4B4A-A20B-9D78D71A4775},2382,316828,{2421E579-B117-4DC9-A22E-72ACAD3F7783}
esri__HasBrewery_316831,esri__single_edge_collection/esri__HasBrewery_316831,Beer/271954,Brewery/264907,_dMtPKe6-_3,{F1D57B41-8FE2-401F-8DE7-0BFD1F0CFC3A},HasBrewery,{469CD017-0932-4B09-B577-43CC0394F380},3705,316831,{88F8FA76-7B28-40B5-8FB5-A1CBE0A04CE9}
esri__HasBrewery_316834,esri__single_edge_collection/esri__HasBrewery_316834,Beer/271957,Brewery/263444,_dMtPKe2-_X,{CF498F63-457A-487D-A5CA-8E3261C5387B},HasBrewery,{C5ECF43B-9213-4C38-89D4-D9BB08060A8C},3706,316834,{4FD77244-E01B-4BBC-A2AB-D860B201BDA4}
esri__HasBrewery_317101,esri__single_edge_collection/esri__HasBrewery_317101,Beer/272224,Brewery/262671,_dMtPKe6-_4,{653EB05A-E99A-49EB-A30B-A3ACD4DF5307},HasBrewery,{567BD303-1525-4D43-A62E-A78B85B9F08E},3790,317101,{59301977-BFB0-42B9-B475-F61830806218}
esri__HasBrewery_317104,esri__single_edge_collection/esri__HasBrewery_317104,Beer/272227,Brewery/261801,_dMtPKe6-_5,{8D283D02-A3BE-4722-9AE1-2C00385DBF04},HasBrewery,{35452CE3-8AD1-4728-AB0B-4B2C60F9E582},3504,317104,{9A19BE80-1236-4C2C-B279-FF5F3C2A8AC1}
esri__HasBrewery_317107,esri__single_edge_collection/esri__HasBrewery_317107,Beer/272230,Brewery/263570,_dMtPKe6-_6,{8C5E628B-72D4-48C4-960E-6A309E68BD49},HasBrewery,{CAC2E7D7-27E7-4E53-B571-E03743954501},3507,317107,{BD28A24A-508D-4F96-8CB4-560535F5947D}
esri__HasBrewery_317110,esri__single_edge_collection/esri__HasBrewery_317110,Beer/272233,Brewery/263055,_dMtPKe6--D,{B9A40456-411A-4A9F-A4A4-2DC106F75DD6},HasBrewery,{B43C34CD-F28C-4FFB-B1B7-2AEB42E3CB1D},3495,317110,{66EA69D6-556A-4ADB-8E8C-0EADCB187BAE}
esri__HasBrewery_317221,esri__single_edge_collection/esri__HasBrewery_317221,Beer/272349,Brewery/263534,_dMtPKe6-_7,{8FC83770-30C0-4D9D-ABD3-8CBCD0C54244},HasBrewery,{54B6AD3C-2896-4B35-B3F4-88AEBEC79FDB},3827,317221,{3318BBCA-2142-4222-8880-8A2040C0E665}
esri__HasBrewery_317350,esri__single_edge_collection/esri__HasBrewery_317350,Beer/272478,Brewery/264466,_dMtPKe6-_8,{8C0F50EA-2E35-4077-9E10-D78997E1DACF},HasBrewery,{2672EBB1-6897-4A3A-9DC9-5883F57B5C1B},3879,317350,{75C377AA-0CB8-41E8-B2DB-E373AA106708}
esri__HasBrewery_317377,esri__single_edge_collection/esri__HasBrewery_317377,Beer/272505,Brewery/264034,_dMtPKey-AI,{74945FDB-BA29-43BC-8141-CF7275D0BDC9},HasBrewery,{C7670509-0E2F-4680-BDBC-1E8E81D1015C},3891,317377,{761AAEF5-3214-4584-AED3-5AFF4586F4D9}
esri__HasBrewery_317380,esri__single_edge_collection/esri__HasBrewery_317380,Beer/272508,Brewery/264907,_dMtPKe6-_9,{F1D57B41-8FE2-401F-8DE7-0BFD1F0CFC3A},HasBrewery,{3FA919D8-47F9-48A6-9E8F-8D5742078FFC},3893,317380,{6A07075E-CD09-4CEF-9426-E3BEE5F77631}
esri__HasBrewery_317383,esri__single_edge_collection/esri__HasBrewery_317383,Beer/272511,Brewery/263354,_dMtPKey-Ay,{A330F81C-A939-4444-B807-DEA9382821DD},HasBrewery,{BBA48F3C-762B-455E-8146-DC83FFCCB724},3894,317383,{5108AB86-A93A-4BF0-92C3-1EABA7B5AFAD}
esri__HasBrewery_317386,esri__single_edge_collection/esri__HasBrewery_317386,Beer/272514,Brewery/263067,_dMtPKe6-A-,{2442ED9B-88A0-4F84-A53B-8CD2D4995D2A},HasBrewery,{6B6E1DE5-0929-42C0-B5E5-31C324E42F96},3895,317386,{E8602834-2930-4C24-BAB4-6E7A14DB1B0E}
esri__HasBrewery_317389,esri__single_edge_collection/esri__HasBrewery_317389,Beer/272517,Brewery/264721,_dMtPKe6-A_,{33C6B861-10F3-4FA4-9D28-B14135F1A5FC},HasBrewery,{8B7A8826-AF4F-4BBF-BA6E-BF3F8F01EAEE},3896,317389,{B42D0BB4-372E-46AE-84FE-2D65F62A261E}
esri__HasBrewery_317653,esri__single_edge_collection/esri__HasBrewery_317653,Beer/272781,Brewery/262806,_dMtPKe6-AB,{488C9546-8C6D-4E2E-9A36-843CBA5DFBE9},HasBrewery,{5E71AFB1-18FD-433E-9243-5B91C386FD94},99,317653,{F450E051-1B3A-41E9-B51F-AB04810C319D}
esri__HasBrewery_317656,esri__single_edge_collection/esri__HasBrewery_317656,Beer/272784,Brewery/262257,_dMtPKey-Aw,{FE7830E0-8C46-45B7-9826-3969D21D776E},HasBrewery,{E5D63893-94A4-4722-813B-D05D2B367C8A},495,317656,{DFD1285E-F6C6-4A7E-80D8-8B184C11F66A}
esri__HasBrewery_317659,esri__single_edge_collection/esri__HasBrewery_317659,Beer/272787,Brewery/262515,_dMtPKey-_9,{F0FD274B-80A0-47C5-BB64-8A9A58EA3C7F},HasBrewery,{2C40272C-8631-4695-B685-DBDA1CF5DD54},3958,317659,{660BFB98-055D-4559-B6EB-6AB3D343767F}
esri__HasBrewery_317662,esri__single_edge_collection/esri__HasBrewery_317662,Beer/272790,Brewery/264688,_dMtPKey--B,{04208F16-C287-4BA6-AA98-863DD799C36E},HasBrewery,{D7D9714F-B578-4CB8-9C84-B3C943F6A72A},2636,317662,{1D8A74DD-15D6-44C1-B78A-404797CACDA1}
esri__HasBrewery_317665,esri__single_edge_collection/esri__HasBrewery_317665,Beer/272793,Brewery/263172,_dMtPKey--Q,{0DAE1CA2-CEF6-4EC0-A02A-570C5CF73F04},HasBrewery,{74A33969-3D3D-4345-A9F8-27A83C49DE40},136,317665,{6ECF0347-F279-4E53-B387-507EE96DC04D}
esri__HasBrewery_317929,esri__single_edge_collection/esri__HasBrewery_317929,Beer/273057,Brewery/262002,_dMtPKey-_f,{8897061C-4D47-4D32-9C8C-F3EF1FFAD706},HasBrewery,{1116E616-64E6-4209-A15B-EA8CCB9B0744},4034,317929,{C0401A03-93B8-464B-A783-A8FDC2DC9AF5}
esri__HasBrewery_317932,esri__single_edge_collection/esri__HasBrewery_317932,Beer/273060,Brewery/264358,_dMtPKey-BG,{B3523293-AB2D-402E-BDAF-9F6D00BD35D3},HasBrewery,{39A490C4-530F-49FC-B4B7-0863AE6893D6},4035,317932,{1A5A90B7-3F40-429E-B69D-2C0E82D813EC}
esri__HasBrewery_317935,esri__single_edge_collection/esri__HasBrewery_317935,Beer/273063,Brewery/264496,_dMtPKey-_A,{C23C8068-E44C-4656-93A8-5E54FB26E0B5},HasBrewery,{B4F09C12-D61B-4FBB-BB80-70577677E401},2079,317935,{1B9DEE06-702E-4962-807D-D2BB6B2B5ED9}
esri__HasBrewery_317938,esri__single_edge_collection/esri__HasBrewery_317938,Beer/273066,Brewery/261987,_dMtPKe6-AE,{EA957358-8276-4A67-90C9-3B188BC56434},HasBrewery,{563B6B1F-1D94-4526-B7D1-0D4E15020EFB},1672,317938,{962E93F9-63FD-4D29-95F2-61FDCEA561EA}
esri__HasBrewery_317946,esri__single_edge_collection/esri__HasBrewery_317946,Beer/273069,Brewery/261139,_dMtPKe6-AH,{45866300-8CF8-4A85-8925-43AD568BA78C},HasBrewery,{60AFF1B4-D0F5-41CB-B1FF-3283AB9CF1D6},4037,317946,{4F58B887-8C44-4F93-98C9-65320A783153}
esri__HasBrewery_318069,esri__single_edge_collection/esri__HasBrewery_318069,Beer/273192,Brewery/263300,_dMtPKe2-_F,{10B9D081-6221-4C93-86A2-0824EC0F5FF1},HasBrewery,{FD74C520-0644-4C0C-8A34-CD8114F77E24},986,318069,{F7AF4E12-5B07-48EB-80D6-2428F1C127C9}
esri__HasBrewery_318210,esri__single_edge_collection/esri__HasBrewery_318210,Beer/273335,Brewery/262002,_dMtPKe6-AD,{8897061C-4D47-4D32-9C8C-F3EF1FFAD706},HasBrewery,{38F12571-1972-434C-AF91-10C84A218ADC},4120,318210,{2689EBF6-97C7-4A68-8715-EC660E209046}
esri__HasBrewery_318213,esri__single_edge_collection/esri__HasBrewery_318213,Beer/273338,Brewery/261691,_dMtPKey--s,{67AE77BF-6445-43FD-B8D8-6B2F17DD9783},HasBrewery,{285FFA53-FC71-4CB2-AAC2-C2F432072647},4121,318213,{C66C577A-867D-465F-AA5F-06D6962820F3}
esri__HasBrewery_318216,esri__single_edge_collection/esri__HasBrewery_318216,Beer/273341,Brewery/264634,_dMtPKe6-AJ,{8853267A-5984-4270-BD05-F13A28A728D0},HasBrewery,{011CC850-165C-494E-B881-0EEC31C4DADC},3692,318216,{15C08F12-B72C-4D2D-A001-4AD78F3B9B85}
esri__HasBrewery_318219,esri__single_edge_collection/esri__HasBrewery_318219,Beer/273344,Brewery/261526,_dMtPKe2-AQ,{7C338E6C-EA71-45DC-AACB-AE9375868BE7},HasBrewery,{23561632-6B89-4611-9229-1545A5133C63},4122,318219,{CC4DBC8E-1295-4748-B0F5-91D602320769}
esri__HasBrewery_318222,esri__single_edge_collection/esri__HasBrewery_318222,Beer/273347,Brewery/263444,_dMtPKe2-AW,{CF498F63-457A-487D-A5CA-8E3261C5387B},HasBrewery,{404BECF6-AE24-4287-A969-EE31686EE0F6},2291,318222,{0E62EA13-9394-4423-B162-A8DAF2986ED8}
esri__HasBrewery_318489,esri__single_edge_collection/esri__HasBrewery_318489,Beer/273614,Brewery/262770,_dMtPKe6-AL,{E03FE709-70B7-4EE5-B9E0-7590CF9518C4},HasBrewery,{F9BBBF29-319D-4398-A043-4BFF7E3BEC3F},3737,318489,{BC4F462B-5684-456A-A69C-9AD03BE2226C}
esri__HasBrewery_318492,esri__single_edge_collection/esri__HasBrewery_318492,Beer/273617,Brewery/264430,_dMtPKe2-_S,{7FC2E45A-605A-4E8F-BC91-F1B8EFEFDA7B},HasBrewery,{0A92EB00-1F2E-4899-8BAA-6BA660B0BF8E},1940,318492,{CF779E73-9EA1-46AF-BBCB-E641E72E79FB}
esri__HasBrewery_318495,esri__single_edge_collection/esri__HasBrewery_318495,Beer/273620,Brewery/262020,_dMtPKe6-_T,{B767A6A0-6D1F-424E-A40B-2A7BD98237EE},HasBrewery,{F32BFB42-CDF6-4105-B779-F74BFB073DD8},1722,318495,{3352C126-5A63-4051-8A41-DEF5C5572611}
esri__HasBrewery_318498,esri__single_edge_collection/esri__HasBrewery_318498,Beer/273623,Brewery/263474,_dMtPKe2-_L,{DFF62E4D-2CF1-49B1-B5BB-99B455EF8CCB},HasBrewery,{BD75D691-D23A-460A-9DE7-24FF8F4D02D4},1719,318498,{30BD56AC-EF60-446D-8745-BFF64BDF9664}
esri__HasBrewery_318765,esri__single_edge_collection/esri__HasBrewery_318765,Beer/273890,Brewery/262026,_dMtPKe6-AN,{437CA868-A15D-481A-A03D-4CD9E11907EB},HasBrewery,{C2F9A225-82B1-46EE-AEEC-2A1C802D0871},4252,318765,{854E5E65-928C-4F04-840B-9BCA8F09037C}
esri__HasBrewery_318768,esri__single_edge_collection/esri__HasBrewery_318768,Beer/273893,Brewery/262656,_dMtPKe6-AP,{F73CC8BE-3F2F-4DF2-9F8A-2FA65C95165C},HasBrewery,{A5985A9E-9194-479D-AEC8-1FD116D9DB83},4253,318768,{CD095015-70C7-4B02-AFD1-33ED48A5B895}
esri__HasBrewery_318771,esri__single_edge_collection/esri__HasBrewery_318771,Beer/273896,Brewery/264781,_dMtPKe6--i,{FB7908DB-D474-4D00-9957-A083733CB3AD},HasBrewery,{3652BBDC-DF12-4576-8139-DE464D910C94},3410,318771,{E8A13513-8467-4E22-906C-2729C09EEE4E}
esri__HasBrewery_318774,esri__single_edge_collection/esri__HasBrewery_318774,Beer/273899,Brewery/264025,_dMtPKe2-AF,{E029D0D5-B821-451A-90F7-80DC290A483B},HasBrewery,{F3AF8FDA-6744-41FE-8F57-51B86D3B2915},3407,318774,{506A054F-C8B0-401F-A55E-14B5ADAFCAE6}
esri__HasBrewery_318777,esri__single_edge_collection/esri__HasBrewery_318777,Beer/273902,Brewery/263172,_dMtPKe2--g,{0DAE1CA2-CEF6-4EC0-A02A-570C5CF73F04},HasBrewery,{05BB5711-13D4-44F3-82DE-DA3073101C07},2525,318777,{43A972B6-56C6-4291-AA84-9A3CB00529ED}
esri__HasBrewery_319043,esri__single_edge_collection/esri__HasBrewery_319043,Beer/274166,Brewery/261619,_dMtPKe2-AC,{9076CEFD-EDD3-4D32-8DD0-13A63DBCDC33},HasBrewery,{CA022073-7F67-4C0F-83AE-125785765B62},4317,319043,{4881DEAC-46BA-430D-AB4F-FAC0752A4D26}
esri__HasBrewery_319046,esri__single_edge_collection/esri__HasBrewery_319046,Beer/274169,Brewery/262341,_dMtPKf---A,{7AB42B7B-AB70-4ED5-83AC-DDFDFBE43B7E},HasBrewery,{2136FF5F-B01F-4226-A6A3-5534822DD1AC},577,319046,{10A4C2F6-8937-45A5-AF4B-8A06D40DAC62}
esri__HasBrewery_319049,esri__single_edge_collection/esri__HasBrewery_319049,Beer/274172,Brewery/262347,_dMtPKf---C,{50D702B8-FA17-4971-BBB4-167C5CB51AC3},HasBrewery,{2D966C30-77C2-4C17-B016-8E66A7B49352},1258,319049,{29A39386-9C0A-4AA5-AF49-7CCA83CB70D5}
esri__HasBrewery_319052,esri__single_edge_collection/esri__HasBrewery_319052,Beer/274175,Brewery/260962,_dMtPKf---D,{E4F536BB-C4A6-4961-B638-D02BAEE2F014},HasBrewery,{83C0DC44-4267-4467-8335-73A24E7B42BC},4318,319052,{29E3F90D-E307-4004-9C0E-F7F9F710E698}
esri__HasBrewery_319055,esri__single_edge_collection/esri__HasBrewery_319055,Beer/274178,Brewery/262116,_dMtPKe2-Ai,{B1917361-C4B9-48A8-A34A-7A7BB810A762},HasBrewery,{517F14C2-F2F4-4969-A895-D27EEB6F0C0B},3866,319055,{51EDFBB8-229B-4770-8398-05B781B37236}
esri__HasBrewery_319319,esri__single_edge_collection/esri__HasBrewery_319319,Beer/274442,Brewery/261987,_dMtPKe2-AO,{EA957358-8276-4A67-90C9-3B188BC56434},HasBrewery,{2D0C2F13-D914-4500-BAEC-5F0612C0EFD9},4389,319319,{7E87B8BD-C195-4EF9-962E-C4AC2C989634}
esri__HasBrewery_319322,esri__single_edge_collection/esri__HasBrewery_319322,Beer/274445,Brewery/261268,_dMtPKey-BJ,{59ECD745-0CD7-4267-B8D6-BD948AC6AAB4},HasBrewery,{8B7DE4B4-8B73-4C46-9294-044B985715D4},1467,319322,{7B244CC8-8B9D-4D1E-83ED-265CAB602E08}
esri__HasBrewery_319325,esri__single_edge_collection/esri__HasBrewery_319325,Beer/274448,Brewery/261427,_dMtPKey---,{E7C0E03D-7D5A-4F56-AE03-71A5902A95EB},HasBrewery,{2863AF6E-39A5-4F6A-AB61-8B3EF082FA65},4390,319325,{C98A4CA7-293F-4A0E-8BFB-EC83961BB384}
esri__HasBrewery_319328,esri__single_edge_collection/esri__HasBrewery_319328,Beer/274451,Brewery/262335,_dMtPKeu--B,{0905E4CB-8F6D-4D23-B14C-A9F61596968C},HasBrewery,{76C97608-209C-445B-AC5B-A68279B72AEC},889,319328,{3C78E2EB-0D15-4350-8C7E-B3AD65D95429}
esri__HasBrewery_319331,esri__single_edge_collection/esri__HasBrewery_319331,Beer/274454,Brewery/263474,_dMtPKe2-AD,{DFF62E4D-2CF1-49B1-B5BB-99B455EF8CCB},HasBrewery,{21D4B67C-76C4-4589-B6ED-B2771AABA010},4391,319331,{796C9344-ED7C-49A1-ADA2-16AAD83DF977}
esri__HasBrewery_319598,esri__single_edge_collection/esri__HasBrewery_319598,Beer/274726,Brewery/262290,_dMtPKf---E,{04976A18-1657-4537-8394-172107C384EC},HasBrewery,{BF3CF0EA-C6DF-43DC-9856-3DBA097DA32E},3929,319598,{989EE2D1-B3AB-436D-9ED3-D7B00B4662D3}
esri__HasBrewery_319601,esri__single_edge_collection/esri__HasBrewery_319601,Beer/274729,Brewery/263954,_dMtPKe2-_u,{56F297B1-0A30-4575-ADD4-5B2C0F043154},HasBrewery,{804C0D0F-E58C-4099-A4DA-6E45542A91D3},2865,319601,{C904083B-BA56-4D5E-9014-60596BCF6B68}
esri__HasBrewery_319604,esri__single_edge_collection/esri__HasBrewery_319604,Beer/274732,Brewery/264034,_dMtPKf---F,{74945FDB-BA29-43BC-8141-CF7275D0BDC9},HasBrewery,{47A22A08-1EE3-476A-9AC8-0A92C26292D3},2868,319604,{E0ADEF74-F5E1-48C0-A21F-20385E39EC40}
esri__HasBrewery_319607,esri__single_edge_collection/esri__HasBrewery_319607,Beer/274735,Brewery/260971,_dMtPKey-BT,{109938CB-D933-47CC-9D64-9063BDF634AC},HasBrewery,{C7F8F428-9A1C-4B8C-9320-E3225E496402},855,319607,{FE13CA6D-F9B3-4A11-B770-4A93FE2088A1}
esri__HasBrewery_319874,esri__single_edge_collection/esri__HasBrewery_319874,Beer/275002,Brewery/264928,_dMtPKey-AL,{14901867-5A49-41FA-AD06-1BF642D97020},HasBrewery,{5627455A-02AF-4BE3-92CD-3C76928385C6},589,319874,{72A123CF-2BD3-4FF5-B155-346BDFF15ADF}
esri__HasBrewery_319877,esri__single_edge_collection/esri__HasBrewery_319877,Beer/275005,Brewery/262404,_dMtPKf---_,{B3F68ED6-1D7B-4C5D-9C21-CAAAD817B429},HasBrewery,{6164B11D-0033-45DA-B35B-B9A1AC712781},576,319877,{C95648CD-1250-403C-91CF-54C28E143E84}
esri__HasBrewery_319880,esri__single_edge_collection/esri__HasBrewery_319880,Beer/275008,Brewery/263106,_dMtPKf---H,{5BBB1F86-5696-4468-84C6-F28877615564},HasBrewery,{3488D379-6F13-4D9C-B0E3-59EEE547ED09},4496,319880,{C1EC77B0-1D7B-45DA-B3BF-39EB056BC4EC}
esri__HasBrewery_319883,esri__single_edge_collection/esri__HasBrewery_319883,Beer/275011,Brewery/261268,_dMtPKey-_s,{59ECD745-0CD7-4267-B8D6-BD948AC6AAB4},HasBrewery,{03D38A17-FF6B-42CC-A97B-9F5690BFAD71},3723,319883,{4D6BEFB1-8722-405F-9346-E6987D4A22CD}
esri__HasBrewery_319886,esri__single_edge_collection/esri__HasBrewery_319886,Beer/275014,Brewery/264064,_dMtPKey-_T,{29183596-4CC2-4189-946B-B1F837019781},HasBrewery,{C9EDC168-92D9-44B9-8E21-BC9AC1E0D082},92,319886,{3666D3BE-790F-4013-A4F0-93CD35B5DE0D}
esri__HasBrewery_320150,esri__single_edge_collection/esri__HasBrewery_320150,Beer/275278,Brewery/262203,_dMtPKf---J,{4442BC35-4160-40C2-987B-5CA6D3ED7B3C},HasBrewery,{BE768F38-1B8A-41A7-BB55-BC1679F5A50C},1622,320150,{03B67085-19EE-44AF-9371-7C26C8D94EC1}
esri__HasBrewery_320153,esri__single_edge_collection/esri__HasBrewery_320153,Beer/275281,Brewery/264100,_dMtPKf---K,{A6429C4D-E220-40F5-AE1F-A3BF720BC361},HasBrewery,{74F4574F-5D19-4D18-92F9-ABFF8805E876},1507,320153,{A20CB32B-A5FA-4B69-8C7E-57AE888B61FD}
esri__HasBrewery_320156,esri__single_edge_collection/esri__HasBrewery_320156,Beer/275284,Brewery/262341,_dMtPKe2-AJ,{7AB42B7B-AB70-4ED5-83AC-DDFDFBE43B7E},HasBrewery,{4BF6E547-9BCF-4B95-BDDA-AFA9E8296269},1619,320156,{F4A3B9AD-8B66-459C-B6C9-7D1B2E312AC3}
esri__HasBrewery_320159,esri__single_edge_collection/esri__HasBrewery_320159,Beer/275287,Brewery/261691,_dMtPKey-_O,{67AE77BF-6445-43FD-B8D8-6B2F17DD9783},HasBrewery,{2F96DA7B-2181-4AE6-9FFE-AC8F6953F9CB},4024,320159,{DDC38AE4-AB04-4BED-A14A-B6D05BD01FD1}
esri__HasBrewery_320162,esri__single_edge_collection/esri__HasBrewery_320162,Beer/275290,Brewery/262116,_dMtPKe2-Ag,{B1917361-C4B9-48A8-A34A-7A7BB810A762},HasBrewery,{7C3A6795-8DE9-42F7-ADE5-FC05972B39E3},2898,320162,{9A7A814C-967F-4BD9-8B1A-C393DB173705}
esri__HasBrewery_320230,esri__single_edge_collection/esri__HasBrewery_320230,Beer/275353,Brewery/261013,_dMtPKe2-AS,{233B5655-6372-4210-A1FD-871416FE5878},HasBrewery,{BBA92330-9341-45F3-9823-F2E2030AE31B},1100,320230,{0BB67C2C-5042-44EB-947F-6ACA682B6BC8}
esri__HasBrewery_320431,esri__single_edge_collection/esri__HasBrewery_320431,Beer/275556,Brewery/263609,_dMtPKf---N,{BA4C2ED5-557D-431B-9C67-3766C8CA90FD},HasBrewery,{CB68E8D5-EBDE-4B70-8D42-ABB88CA885E3},1424,320431,{6A238DB0-8CD9-49B6-94CF-E8072AC477D8}
esri__HasBrewery_320434,esri__single_edge_collection/esri__HasBrewery_320434,Beer/275559,Brewery/264358,_dMtPKf---O,{B3523293-AB2D-402E-BDAF-9F6D00BD35D3},HasBrewery,{ED7F7A5B-0E17-41AA-B2C9-408FC5C7C97B},1352,320434,{6D4AC036-AE1F-4B12-A5C6-933EED9A29D4}
esri__HasBrewery_320437,esri__single_edge_collection/esri__HasBrewery_320437,Beer/275562,Brewery/264496,_dMtPKe2--J,{C23C8068-E44C-4656-93A8-5E54FB26E0B5},HasBrewery,{ABC515DA-0F39-4DAC-97ED-8A239661C994},2115,320437,{F9F95899-1359-4C88-8BDC-F7846F2295F2}
esri__HasBrewery_320440,esri__single_edge_collection/esri__HasBrewery_320440,Beer/275565,Brewery/261987,_dMtPKf---P,{EA957358-8276-4A67-90C9-3B188BC56434},HasBrewery,{65F63CB1-7AC8-4A34-8160-15452ACCA64F},1835,320440,{8CD2012B-ACF6-4B9C-A80F-13F21F28D0D5}
esri__HasBrewery_320443,esri__single_edge_collection/esri__HasBrewery_320443,Beer/275568,Brewery/261139,_dMtPKey-__,{45866300-8CF8-4A85-8925-43AD568BA78C},HasBrewery,{ED0D8BB3-D471-435E-899A-30B278D0360D},718,320443,{1AAA66BE-A13D-4CD7-8351-6C99DF2CE144}
esri__HasBrewery_320707,esri__single_edge_collection/esri__HasBrewery_320707,Beer/275832,Brewery/262002,_dMtPKe6-_J,{8897061C-4D47-4D32-9C8C-F3EF1FFAD706},HasBrewery,{C189152B-8610-4CFE-AA45-3392CFB97ADD},2710,320707,{4E34C0DA-25A2-40C5-BA81-2DE6A5DF4A72}
esri__HasBrewery_320710,esri__single_edge_collection/esri__HasBrewery_320710,Beer/275835,Brewery/261987,_dMtPKf---Q,{EA957358-8276-4A67-90C9-3B188BC56434},HasBrewery,{2B8FA235-9452-413E-804A-BD102E1F0103},4557,320710,{DCC5F07D-575B-450D-9308-F25B38AA7D7B}
esri__HasBrewery_320713,esri__single_edge_collection/esri__HasBrewery_320713,Beer/275838,Brewery/264928,_dMtPKf---S,{14901867-5A49-41FA-AD06-1BF642D97020},HasBrewery,{5E996433-00B2-4F58-AEC4-3913215CC457},4558,320713,{7B00EBEC-EDD2-465D-A10E-77674CCBC36A}
esri__HasBrewery_320716,esri__single_edge_collection/esri__HasBrewery_320716,Beer/275841,Brewery/261559,_dMtPKf---T,{408172C5-89EB-416F-B7E7-C8587384140B},HasBrewery,{B966B113-A65A-4D76-A7C1-E4604AB63BCF},3592,320716,{820C40BA-6D24-49CA-B2F8-D0C19C34CA92}
esri__HasBrewery_320719,esri__single_edge_collection/esri__HasBrewery_320719,Beer/275844,Brewery/263444,_dMtPKe2-_d,{CF498F63-457A-487D-A5CA-8E3261C5387B},HasBrewery,{A4D47750-83D2-4BF0-8869-8160EBB0EBE3},4559,320719,{7FAA64C8-F641-45A6-ADC1-1F80422B99BB}
esri__HasBrewery_320986,esri__single_edge_collection/esri__HasBrewery_320986,Beer/276111,Brewery/261831,_dMtPKf---U,{97614D62-C668-48F3-9EF4-DFFA119BEDC9},HasBrewery,{0202E047-70AA-4F67-A849-9F61AED2EE90},4123,320986,{979EF2E5-DD79-4950-A21E-1E3C1FF236E0}
esri__HasBrewery_320989,esri__single_edge_collection/esri__HasBrewery_320989,Beer/276114,Brewery/261268,_dMtPKe2-_Y,{59ECD745-0CD7-4267-B8D6-BD948AC6AAB4},HasBrewery,{145EAAEB-0DFB-434C-8394-FA40224936D6},3693,320989,{9D4F8B75-098E-44AF-B9DB-B68D047FCA64}
esri__HasBrewery_320992,esri__single_edge_collection/esri__HasBrewery_320992,Beer/276117,Brewery/262569,_dMtPKe2-AK,{70BE6B69-6A9A-4914-929C-6D39BBAFDAB6},HasBrewery,{5DE96CCE-9B70-47E5-97CB-8E9DFBBEA9C3},3684,320992,{379230F2-2140-4FC3-809C-76AED5037612}
esri__HasBrewery_320995,esri__single_edge_collection/esri__HasBrewery_320995,Beer/276120,Brewery/261586,_dMtPKe2-A6,{CEEBC55D-6F7F-4E4E-A4A6-7ADF809E5B64},HasBrewery,{F406B808-E95E-4AA2-8F14-E84F7D3D6705},4599,320995,{52116AB0-359C-4284-98E6-934D6F8A6B77}
esri__HasBrewery_320998,esri__single_edge_collection/esri__HasBrewery_320998,Beer/276123,Brewery/261118,_dMtPKey--Y,{181C2B09-0B64-4B8A-82F4-35FFFCF404F4},HasBrewery,{C4751C13-55CB-4A99-9481-C6647E34E248},4218,320998,{CCC1636B-89B6-427C-9790-7BD8CDC1C46B}
esri__HasBrewery_321034,esri__single_edge_collection/esri__HasBrewery_321034,Beer/276159,Brewery/264034,_dMtPKf---V,{74945FDB-BA29-43BC-8141-CF7275D0BDC9},HasBrewery,{0644C476-A4C9-4E08-938E-C900DDF7806B},3350,321034,{7FEB8EE8-6994-4EAC-9735-1395C48E9F71}
esri__HasBrewery_321262,esri__single_edge_collection/esri__HasBrewery_321262,Beer/276387,Brewery/262074,_dMtPKf---X,{98D2A73C-DA87-40CB-8C96-7728DAFF3C0D},HasBrewery,{42E889C0-8866-4769-9A2F-7B45372D8DCD},2566,321262,{BDE1468E-0356-411C-84D3-461FE33B7E9A}
esri__HasBrewery_321265,esri__single_edge_collection/esri__HasBrewery_321265,Beer/276390,Brewery/262257,_dMtPKf----,{FE7830E0-8C46-45B7-9826-3969D21D776E},HasBrewery,{E8AB6868-11AA-478E-B40A-319E7F2ADE27},2562,321265,{F810F00B-320A-4AE1-BF9B-D36E8AEE491B}
esri__HasBrewery_321268,esri__single_edge_collection/esri__HasBrewery_321268,Beer/276393,Brewery/261121,_dMtPKe2-BT,{237F3BA9-53AF-4111-A01A-9F88A86DBE65},HasBrewery,{4A30088C-B4DE-4E12-927C-14E043DA989F},3465,321268,{247D3911-1913-491C-95A6-D04071894710}
esri__HasBrewery_321271,esri__single_edge_collection/esri__HasBrewery_321271,Beer/276396,Brewery/262770,_dMtPKf---Z,{E03FE709-70B7-4EE5-B9E0-7590CF9518C4},HasBrewery,{E9568AB7-EE4C-4D98-9666-DF61236E4AAB},3110,321271,{B5F41FB6-B090-4FEB-A0ED-B49956D46675}
esri__HasBrewery_321274,esri__single_edge_collection/esri__HasBrewery_321274,Beer/276399,Brewery/261526,_dMtPKf---a,{7C338E6C-EA71-45DC-AACB-AE9375868BE7},HasBrewery,{DE277619-1EFC-4039-A4CA-25019CF5CD0D},4622,321274,{3F2EF546-1426-4797-93DD-601986A7575E}
esri__HasBrewery_321540,esri__single_edge_collection/esri__HasBrewery_321540,Beer/276663,Brewery/261121,_dMtPKf---c,{237F3BA9-53AF-4111-A01A-9F88A86DBE65},HasBrewery,{37835015-78F0-40F9-B782-9624E279D702},197,321540,{27F7B845-F87B-49A3-B8AB-E1A2E4D18CF9}
esri__HasBrewery_321543,esri__single_edge_collection/esri__HasBrewery_321543,Beer/276666,Brewery/264358,_dMtPKey-AP,{B3523293-AB2D-402E-BDAF-9F6D00BD35D3},HasBrewery,{644D3391-108E-4BBB-905A-23A7A06E9E4F},2638,321543,{30A592B1-FA10-4580-A173-5E4EC816746C}
esri__HasBrewery_321546,esri__single_edge_collection/esri__HasBrewery_321546,Beer/276669,Brewery/262497,_dMtPKf---e,{F11A716F-1776-46BF-8768-023B8E998F1D},HasBrewery,{53CB3ADD-D834-489F-A28D-BA1049BF7B7E},2418,321546,{DE2950B3-4E46-4781-90E1-55928E346244}
esri__HasBrewery_321549,esri__single_edge_collection/esri__HasBrewery_321549,Beer/276672,Brewery/264421,_dMtPKe2-BZ,{2B486EB3-785F-47CA-9C65-7A63E5E2073F},HasBrewery,{9BF5F2C3-04F6-4D19-9FD1-29F79F5E49B7},181,321549,{0FA6A6B3-13F3-4AD3-8E70-74C23FA1E014}
esri__HasBrewery_321552,esri__single_edge_collection/esri__HasBrewery_321552,Beer/276675,Brewery/261139,_dMtPKf---g,{45866300-8CF8-4A85-8925-43AD568BA78C},HasBrewery,{9E62C39D-FC9E-4656-BA67-5A71ECC2D772},3201,321552,{F411802A-FFB5-4798-8E04-ED54F5C579CB}
esri__HasBrewery_321819,esri__single_edge_collection/esri__HasBrewery_321819,Beer/276947,Brewery/263609,_dMtPKey-_u,{BA4C2ED5-557D-431B-9C67-3766C8CA90FD},HasBrewery,{A8E93A39-2ACA-49DF-96C4-0408AB436023},2961,321819,{00EF523C-2951-4C47-8CE6-EE9D35386EB6}
esri__HasBrewery_321822,esri__single_edge_collection/esri__HasBrewery_321822,Beer/276950,Brewery/260908,_dMtPKf---i,{747C0EF4-E6C5-4499-A7C3-B4449F571D90},HasBrewery,{6151ED03-B166-4E28-AE63-18A9C5F0DAB5},4679,321822,{4FFE4986-86CB-476B-ADA3-03FC056F7B8B}
esri__HasBrewery_321825,esri__single_edge_collection/esri__HasBrewery_321825,Beer/276953,Brewery/263570,_dMtPKf---L,{8C5E628B-72D4-48C4-960E-6A309E68BD49},HasBrewery,{9CE747A9-5132-4BDF-BB2F-BA8CC1BD3BB4},4680,321825,{6FE87CAF-CD46-48F4-9E68-648ACD738362}
esri__HasBrewery_321828,esri__single_edge_collection/esri__HasBrewery_321828,Beer/276956,Brewery/262770,_dMtPKf---m,{E03FE709-70B7-4EE5-B9E0-7590CF9518C4},HasBrewery,{AAC73F7E-2834-4D92-840C-CE0D0EA06EE2},4681,321828,{FE03982F-8027-493B-932D-209CFFB841C1}
esri__HasBrewery_322068,esri__single_edge_collection/esri__HasBrewery_322068,Beer/277196,Brewery/264466,_dMtPKf---o,{8C0F50EA-2E35-4077-9E10-D78997E1DACF},HasBrewery,{C3C0A4FA-ECBE-4E07-98E4-992E76F5802E},1091,322068,{59D4D052-A6F0-4260-AA33-12A7BD276B4E}
esri__HasBrewery_322095,esri__single_edge_collection/esri__HasBrewery_322095,Beer/277223,Brewery/262515,_dMtPKf---p,{F0FD274B-80A0-47C5-BB64-8A9A58EA3C7F},HasBrewery,{CA5CB076-FEE2-428D-B9B6-8C72AF520D38},4742,322095,{4E53E8D6-37D5-44D1-AB5A-1447C1534D16}
esri__HasBrewery_322098,esri__single_edge_collection/esri__HasBrewery_322098,Beer/277226,Brewery/264658,_dMtPKe6--K,{80D0BE96-1D44-4795-8251-91B98C9FF939},HasBrewery,{E3C2FC95-4EEE-4EC9-93D2-872F1F0EB897},4281,322098,{1C02429D-8A0C-40DE-BA8A-78B9DCA89E43}
esri__HasBrewery_322101,esri__single_edge_collection/esri__HasBrewery_322101,Beer/277229,Brewery/262755,_dMtPKf---q,{17F28FDF-1845-49F3-9249-14488DDBBE3A},HasBrewery,{7671EE9E-FA7D-4452-8E2E-D3F069A2F44D},4743,322101,{3B5B4294-68ED-4F70-9CC9-6EDC93E6CE03}
esri__HasBrewery_322104,esri__single_edge_collection/esri__HasBrewery_322104,Beer/277232,Brewery/260875,_dMtPKe6-AM,{FF970AF0-EF90-498C-902F-64E98B997C59},HasBrewery,{9550E07C-C1B9-4D6A-9B02-9919096F9732},4744,322104,{644EF876-B3A5-4DA0-B3AD-465E90BCEED8}
esri__HasBrewery_322179,esri__single_edge_collection/esri__HasBrewery_322179,Beer/277307,Brewery/261565,_dMtPKf---R,{CF75935B-20C9-45FF-8C42-86D59F9A3601},HasBrewery,{E85A2DE2-A826-4D8F-AF00-84B1EA6CCA9F},4770,322179,{0A9442A5-3AF7-4F3B-AA00-FAB9A8912F38}
esri__HasBrewery_322371,esri__single_edge_collection/esri__HasBrewery_322371,Beer/277499,Brewery/261727,_dMtPKe6-_h,{4648A0E3-E765-41A9-954C-02C6EC5ACB0F},HasBrewery,{276EF79B-1189-488B-9E5C-A2220DA4105E},1887,322371,{C13F5EA4-CABD-4C16-9A0D-0EB40DBE555F}
esri__HasBrewery_322374,esri__single_edge_collection/esri__HasBrewery_322374,Beer/277502,Brewery/262257,_dMtPKf---s,{FE7830E0-8C46-45B7-9826-3969D21D776E},HasBrewery,{A67FBBCD-1312-4557-9F70-18AB554B5FC8},4811,322374,{B35B88E3-6049-4E20-8213-0CBA5323B4C1}
esri__HasBrewery_322377,esri__single_edge_collection/esri__HasBrewery_322377,Beer/277505,Brewery/262296,_dMtPKf---t,{D0E9F8BB-E50D-44B7-A0DE-76A29E1BA367},HasBrewery,{C76BDE16-D38C-49F1-A563-BA66B44792C5},4812,322377,{F076E367-AC66-4A7B-B38A-543143848C81}
esri__HasBrewery_322380,esri__single_edge_collection/esri__HasBrewery_322380,Beer/277508,Brewery/264484,_dMtPKe2-AG,{1AC41A6F-DF81-4BD1-A410-7FAF53D06970},HasBrewery,{181260FF-2343-4F2C-A0C8-A7386047246B},4813,322380,{0CDB6886-7E5E-4A85-BC46-97C9B9A7B4F3}
esri__HasBrewery_322383,esri__single_edge_collection/esri__HasBrewery_322383,Beer/277511,Brewery/263172,_dMtPKe2--h,{0DAE1CA2-CEF6-4EC0-A02A-570C5CF73F04},HasBrewery,{9AA6FE67-C0ED-4452-B358-FCDD59CD007F},4814,322383,{21310B5E-6E8C-4732-B319-3CB545FBC8D6}
esri__HasBrewery_322431,esri__single_edge_collection/esri__HasBrewery_322431,Beer/277559,Brewery/260764,_dMtPKey-Aa,{FC2CA0CE-717C-4312-8838-718777C7F67E},HasBrewery,{369179F5-200B-42E3-8F13-3E97D374EB39},677,322431,{6A866CD8-E1BD-4E43-B420-FFD1051D12B2}
esri__HasBrewery_322652,esri__single_edge_collection/esri__HasBrewery_322652,Beer/277775,Brewery/262203,_dMtPKf---u,{4442BC35-4160-40C2-987B-5CA6D3ED7B3C},HasBrewery,{5D3EE4AB-8B85-4246-9D8B-090C97BB26CB},4869,322652,{C820A809-5F5E-4B15-8549-C2F64A26A4BC}
esri__HasBrewery_322655,esri__single_edge_collection/esri__HasBrewery_322655,Beer/277778,Brewery/264922,_dMtPKf---x,{BEB8131F-AD57-4B66-BFB3-FF17D3C27EE3},HasBrewery,{8C216458-B5BB-479D-B287-AA2F2A84C5E1},4870,322655,{83A0861A-73EA-4B10-A465-FE86C755225C}
esri__HasBrewery_322658,esri__single_edge_collection/esri__HasBrewery_322658,Beer/277781,Brewery/262020,_dMtPKf---z,{B767A6A0-6D1F-424E-A40B-2A7BD98237EE},HasBrewery,{0FB7D652-BAAF-4AD5-A011-EEA70F90E9A6},413,322658,{EA344C68-DEEF-4175-B7F7-3C06CD7D0520}
esri__HasBrewery_322661,esri__single_edge_collection/esri__HasBrewery_322661,Beer/277784,Brewery/264241,_dMtPKey-Al,{C0F0D0E7-85F8-46F2-A3F8-A511A297D22B},HasBrewery,{08A3458B-4802-4346-9C5E-9A1EA81E5C53},4871,322661,{067D4706-EE71-4144-AC2D-D9C651892E49}
esri__HasBrewery_322664,esri__single_edge_collection/esri__HasBrewery_322664,Beer/277787,Brewery/262116,_dMtPKf---1,{B1917361-C4B9-48A8-A34A-7A7BB810A762},HasBrewery,{90DE092B-89B4-48CD-AECC-C7872A71360B},4872,322664,{9F75E5AF-ADAC-4703-9FEA-F899B19A0A5E}
esri__HasBrewery_322928,esri__single_edge_collection/esri__HasBrewery_322928,Beer/278051,Brewery/261625,_dMtPKf---2,{7D82E8CF-E534-444C-8134-74AE2C3FC5A5},HasBrewery,{2FCD9B21-E334-4763-8919-6584519556DF},2425,322928,{1F97F303-644A-4A6F-ADD9-5B251F782B5A}
esri__HasBrewery_322931,esri__single_edge_collection/esri__HasBrewery_322931,Beer/278054,Brewery/264070,_dMtPKe2-Ba,{BD4AF4D2-F4DA-40A0-97E7-48736B5828DC},HasBrewery,{A05FAC8D-E421-4EF8-ABB0-F9DD9BF3B305},184,322931,{C8737C2A-6988-447D-A6F5-0CDDEE7E7294}
esri__HasBrewery_322934,esri__single_edge_collection/esri__HasBrewery_322934,Beer/278057,Brewery/264496,_dMtPKe2-BK,{C23C8068-E44C-4656-93A8-5E54FB26E0B5},HasBrewery,{0A7C334A-A348-4848-8AC3-F636366B4ECB},4933,322934,{3E0B1F2F-D3C3-4A79-9C21-FDC174AC600A}
esri__HasBrewery_322937,esri__single_edge_collection/esri__HasBrewery_322937,Beer/278060,Brewery/261727,_dMtPKe6--Z,{4648A0E3-E765-41A9-954C-02C6EC5ACB0F},HasBrewery,{F19F8C11-4E1F-4FFA-9559-F4720C93EE7B},193,322937,{E666D28A-6E69-4821-BAA9-F2F7755937A6}
esri__HasBrewery_322940,esri__single_edge_collection/esri__HasBrewery_322940,Beer/278063,Brewery/261139,_dMtPKf---4,{45866300-8CF8-4A85-8925-43AD568BA78C},HasBrewery,{6BF66D30-6106-4271-8D74-1C6ACC72A5DA},3452,322940,{3BEEA2C4-B701-4E9D-82E0-1077A93C842D}
esri__HasBrewery_323204,esri__single_edge_collection/esri__HasBrewery_323204,Beer/278329,Brewery/263792,_dMtPKf---9,{EE506733-06E2-43F9-92B7-3A60ACD79DA2},HasBrewery,{94A4F409-C6A6-4D8D-A4F5-54B737C8834E},3501,323204,{DA9B9C23-6D57-4EA4-B89F-A48CC782D487}
esri__HasBrewery_323207,esri__single_edge_collection/esri__HasBrewery_323207,Beer/278332,Brewery/263609,_dMtPKe6--m,{BA4C2ED5-557D-431B-9C67-3766C8CA90FD},HasBrewery,{9B6B5EE2-B68A-496D-A6A3-C4DAD895EBF6},5003,323207,{B2F55BDB-6242-48C6-B92F-69202B657B2E}
esri__HasBrewery_323210,esri__single_edge_collection/esri__HasBrewery_323210,Beer/278335,Brewery/262515,_dMtPKf--_-,{F0FD274B-80A0-47C5-BB64-8A9A58EA3C7F},HasBrewery,{B4D31D93-FA42-48F1-B36F-32C919C2C5F5},5005,323210,{75E85398-9736-4DC4-98CB-BC011049F79D}
esri__HasBrewery_323213,esri__single_edge_collection/esri__HasBrewery_323213,Beer/278338,Brewery/264994,_dMtPKe2--F,{8B14288B-D238-45AD-B396-ABCB8ACA1AF8},HasBrewery,{AFBB8A47-B04A-41FC-9490-649034E0C770},3497,323213,{848EA28B-3E6E-4757-8385-0474B92C1FD3}
esri__HasBrewery_323480,esri__single_edge_collection/esri__HasBrewery_323480,Beer/278605,Brewery/261361,_dMtPKey-_y,{C5D55BCE-6AB1-4A3C-AB32-362EA720A3D9},HasBrewery,{486A79E0-CAEE-40CF-B9F0-ECA0C8F85E7C},5080,323480,{1EC63B49-BDE8-4109-95AC-6ECA80E913F2}
esri__HasBrewery_323483,esri__single_edge_collection/esri__HasBrewery_323483,Beer/278608,Brewery/262656,_dMtPKey--U,{F73CC8BE-3F2F-4DF2-9F8A-2FA65C95165C},HasBrewery,{55AB0328-774E-448B-898D-698F2531AE49},5081,323483,{5C2BC07A-5812-48EC-9384-D39EF4070B4C}
esri__HasBrewery_323486,esri__single_edge_collection/esri__HasBrewery_323486,Beer/278611,Brewery/261535,_dMtPKf---5,{94BD5752-CD98-4DF9-A851-8070E6F2301D},HasBrewery,{CBEA1F21-DD85-4CCA-B877-42E86D126CC3},4692,323486,{0589B70F-F881-435C-8CD8-6D803550F3AB}
esri__HasBrewery_323489,esri__single_edge_collection/esri__HasBrewery_323489,Beer/278614,Brewery/260797,_dMtPKey--A,{E6F5E026-C09B-4F2C-A2BD-FB236220458C},HasBrewery,{B43EB985-50A4-46DC-86CD-288A76B558C5},3959,323489,{7B9EF9FC-47A8-4DA1-98FD-9FBAFEDC8277}
esri__HasBrewery_323492,esri__single_edge_collection/esri__HasBrewery_323492,Beer/278617,Brewery/262827,_dMtPKey-_1,{DAB91F3E-A254-4BCE-B0B2-6603408546F9},HasBrewery,{6C2DFAA5-9ED0-4CCD-B4AB-75E7A503E8F8},5082,323492,{4B56A6CF-2163-46DF-91DE-4E5118E1BAB2}
esri__HasBrewery_323758,esri__single_edge_collection/esri__HasBrewery_323758,Beer/278881,Brewery/261361,_dMtPKf--__,{C5D55BCE-6AB1-4A3C-AB32-362EA720A3D9},HasBrewery,{1277DA1D-FA82-4D8B-BE10-65B1E023F5C2},5146,323758,{431D88C1-E575-465E-970C-E609FC4A932B}
esri__HasBrewery_323761,esri__single_edge_collection/esri__HasBrewery_323761,Beer/278884,Brewery/262341,_dMtPKey-AG,{7AB42B7B-AB70-4ED5-83AC-DDFDFBE43B7E},HasBrewery,{B1FE2DD7-3057-4A66-A382-2D93BCFF6CD1},5147,323761,{CEDE6584-D473-48C5-A376-D04B2A251D65}
esri__HasBrewery_323764,esri__single_edge_collection/esri__HasBrewery_323764,Beer/278887,Brewery/263336,_dMtPKf--_A,{26CC329F-5619-4089-8850-3F6B4985256B},HasBrewery,{F0AE17A6-C7D9-43D1-93EC-48EC1161A986},4893,323764,{AA69C457-6008-4032-B866-2E99C72C3726}
esri__HasBrewery_323767,esri__single_edge_collection/esri__HasBrewery_323767,Beer/278890,Brewery/262551,_dMtPKf--_B,{98B97E0B-C4EB-4498-838A-98FC70A38FA3},HasBrewery,{3AC14794-DFF4-4ED8-8E28-9DDA6320FDD6},5148,323767,{A6D7435A-E711-442C-B08A-F315CE0E7847}
esri__HasBrewery_323770,esri__single_edge_collection/esri__HasBrewery_323770,Beer/278893,Brewery/262116,_dMtPKf--_C,{B1917361-C4B9-48A8-A34A-7A7BB810A762},HasBrewery,{1DB72A47-1FCD-45DB-BB0B-A1CE574CC593},3141,323770,{7CB50322-9F02-440A-9790-2CC01B894294}
esri__HasBrewery_323827,esri__single_edge_collection/esri__HasBrewery_323827,Beer/278950,Brewery/262278,_dMtPKey-AV,{0FF94F29-D407-49E1-BE0A-CD39F300FF0B},HasBrewery,{53AF669B-E413-45FB-ABE6-C9EF95C3B57C},5162,323827,{B40F5522-E9EC-4E90-823A-0ABC2C38B9D6}
esri__HasBrewery_323995,esri__single_edge_collection/esri__HasBrewery_323995,Beer/279118,Brewery/264697,_dMtPKfC--2,{385C1AFC-F6EC-431F-8BEF-4551AC2A6E10},HasBrewery,{E5FE88B1-1993-439B-A56B-799173E69B41},5201,323995,{67CEBE9E-AC26-4671-B018-E7FD8BD8E3B3}
esri__HasBrewery_324007,esri__single_edge_collection/esri__HasBrewery_324007,Beer/279130,Brewery/262704,_dMtPKf--_D,{D8547D6A-C4A4-49A2-B0CE-050A5E4D0FA1},HasBrewery,{DF7D00D0-655C-4543-BA05-DC3DDED1EF31},3119,324007,{5003F4B5-48D3-4C4A-8966-0DD195B63F55}
esri__HasBrewery_324034,esri__single_edge_collection/esri__HasBrewery_324034,Beer/279157,Brewery/263561,_dMtPKf--_E,{02C5F7CE-28DD-411F-8697-8CDF7A67207E},HasBrewery,{6152CB88-DBB2-46AA-9D3D-0765C55BC931},3438,324034,{5AA8ABF3-7A2C-4D04-A1E0-0791857D8D07}
esri__HasBrewery_324037,esri__single_edge_collection/esri__HasBrewery_324037,Beer/279160,Brewery/260797,_dMtPKf--_F,{E6F5E026-C09B-4F2C-A2BD-FB236220458C},HasBrewery,{2EABE516-2A77-453A-9CDB-DCC4B87F48F6},5204,324037,{94C765D3-A1B1-4038-9217-8CC8B3AC5902}
esri__HasBrewery_324040,esri__single_edge_collection/esri__HasBrewery_324040,Beer/279163,Brewery/263885,_dMtPKe6-AA,{89C1EC59-B2BD-4ECB-97EB-104A7D3266F1},HasBrewery,{63E5E9E6-2AB2-45C8-AA92-F4770F84C124},4674,324040,{B98A0698-954B-44EE-8ED5-115A25C772E6}
esri__HasBrewery_324043,esri__single_edge_collection/esri__HasBrewery_324043,Beer/279166,Brewery/262335,_dMtPKe2-A9,{0905E4CB-8F6D-4D23-B14C-A9F61596968C},HasBrewery,{D970858C-14AE-420E-A24F-A77578300FD4},1949,324043,{CB77E2B0-6187-46AE-ADCD-0636CBE6F093}
esri__HasBrewery_324046,esri__single_edge_collection/esri__HasBrewery_324046,Beer/279169,Brewery/263444,_dMtPKey-_X,{CF498F63-457A-487D-A5CA-8E3261C5387B},HasBrewery,{824BD148-709A-4983-BB6E-984D5410C23D},1664,324046,{C85A12F8-8E31-4DEA-A7E2-EAA00E7E2DF0}
esri__HasBrewery_324313,esri__single_edge_collection/esri__HasBrewery_324313,Beer/279441,Brewery/262656,_dMtPKe6-_L,{F73CC8BE-3F2F-4DF2-9F8A-2FA65C95165C},HasBrewery,{E709C501-1B52-4946-B816-A0592AD2D85F},3077,324313,{CEF14158-20B7-4FC6-A175-F5DF4138421B}
esri__HasBrewery_324316,esri__single_edge_collection/esri__HasBrewery_324316,Beer/279444,Brewery/261763,_dMtPKf---b,{B8422F80-61CE-4C7B-9BD3-7BCC2F305886},HasBrewery,{B352E207-6581-42DD-93A8-0F012E2D2531},3080,324316,{C30093F6-B389-4305-B63A-CCF75DA96F80}
esri__HasBrewery_324319,esri__single_edge_collection/esri__HasBrewery_324319,Beer/279447,Brewery/261619,_dMtPKe6--a,{9076CEFD-EDD3-4D32-8DD0-13A63DBCDC33},HasBrewery,{44D35F16-8E4C-49A9-8925-287416DCB54F},2071,324319,{7206A95B-2586-4607-9060-647ED4BC1711}
esri__HasBrewery_324322,esri__single_edge_collection/esri__HasBrewery_324322,Beer/279450,Brewery/260971,_dMtPKe6-_k,{109938CB-D933-47CC-9D64-9063BDF634AC},HasBrewery,{A79569A2-A39E-42B6-9FBC-96A40A6AAD3A},3047,324322,{A1D3D333-A125-4648-884C-4341A605E613}
esri__HasBrewery_324571,esri__single_edge_collection/esri__HasBrewery_324571,Beer/279699,Brewery/260881,_dMtPKe6--1,{6490E304-392B-451F-B545-DDAF40D95C3B},HasBrewery,{9FB3F658-E7AF-44F6-92EC-223BE05E03AB},5270,324571,{83D39BAF-BB1F-4154-BB7D-7F6C82A62CB2}
esri__HasBrewery_324589,esri__single_edge_collection/esri__HasBrewery_324589,Beer/279717,Brewery/261718,_dMtPKf--_H,{F5A65D2C-DB25-45EE-B03B-C9DFB8BC40CD},HasBrewery,{03735B6D-F125-42CE-9E08-0E13EF00F5CB},5274,324589,{747DC39B-0A41-46AE-95A6-231B079140DE}
esri__HasBrewery_324592,esri__single_edge_collection/esri__HasBrewery_324592,Beer/279720,Brewery/264733,_dMtPKf--_I,{2AA2441D-672B-4730-8C74-E773BEF7AAFA},HasBrewery,{35C814BC-2A38-4027-B08D-3C7484BE6B6B},5275,324592,{8CF79DE7-BB43-4D28-87CF-29A547B52799}
esri__HasBrewery_324595,esri__single_edge_collection/esri__HasBrewery_324595,Beer/279723,Brewery/263106,_dMtPKe2-As,{5BBB1F86-5696-4468-84C6-F28877615564},HasBrewery,{98834717-A6E9-49AC-9A95-E53CEC45E9CA},4410,324595,{4BED29A3-512B-4A52-9182-3790D31156B2}
esri__HasBrewery_324598,esri__single_edge_collection/esri__HasBrewery_324598,Beer/279726,Brewery/261028,_dMtPKe6-_G,{3F84C66C-BEFB-4343-8415-F7118382AFF2},HasBrewery,{783E78B1-DB2A-45DB-9DD9-10389974B8D9},5277,324598,{319684E4-6EB8-4535-BE20-8A7833987B3F}
esri__HasBrewery_324601,esri__single_edge_collection/esri__HasBrewery_324601,Beer/279729,Brewery/264064,_dMtPKe2-_H,{29183596-4CC2-4189-946B-B1F837019781},HasBrewery,{9814EDF6-11A3-4664-92F2-117A2B058874},5278,324601,{EE03DEE2-C896-45C7-B384-16EF8F4B197E}
esri__HasBrewery_324865,esri__single_edge_collection/esri__HasBrewery_324865,Beer/279993,Brewery/262806,_dMtPKf--_J,{488C9546-8C6D-4E2E-9A36-843CBA5DFBE9},HasBrewery,{E0B97E1E-B22F-4D9A-9A6D-2DB2BC5DDAA2},5331,324865,{D8738B84-C800-4C1E-A704-8A6AE441F8A7}
esri__HasBrewery_324873,esri__single_edge_collection/esri__HasBrewery_324873,Beer/279996,Brewery/262257,_dMtPKe2-BC,{FE7830E0-8C46-45B7-9826-3969D21D776E},HasBrewery,{9122991C-5D52-4DD0-8A55-ED788B38AA17},5332,324873,{01F1DF63-A78A-47FF-BAB9-21369019FC1A}
esri__HasBrewery_324876,esri__single_edge_collection/esri__HasBrewery_324876,Beer/279999,Brewery/264034,_dMtPKf---6,{74945FDB-BA29-43BC-8141-CF7275D0BDC9},HasBrewery,{371E6E5B-D61E-49A4-90AC-1F74AA7741BA},5333,324876,{29FACE10-0536-47ED-95B4-E2DF30955BE6}
esri__HasBrewery_324879,esri__single_edge_collection/esri__HasBrewery_324879,Beer/280002,Brewery/260797,_dMtPKf--_K,{E6F5E026-C09B-4F2C-A2BD-FB236220458C},HasBrewery,{74E0DE5B-63CA-44A3-AFFF-D23838EF39AE},5334,324879,{FBA6351E-B5F9-40B2-B0AE-2B51363E39CA}
esri__HasBrewery_324882,esri__single_edge_collection/esri__HasBrewery_324882,Beer/280005,Brewery/263172,_dMtPKe2--q,{0DAE1CA2-CEF6-4EC0-A02A-570C5CF73F04},HasBrewery,{7A55DE0D-B232-404F-8738-40A755352F7A},5335,324882,{2AE5FD86-2340-4DB9-9247-D7DE0E6B61A2}
esri__HasBrewery_325146,esri__single_edge_collection/esri__HasBrewery_325146,Beer/280269,Brewery/262203,_dMtPKey-_p,{4442BC35-4160-40C2-987B-5CA6D3ED7B3C},HasBrewery,{74CF13F3-08AE-4C30-8365-25F68B1A98E0},5015,325146,{89C73169-00A7-4AAD-9067-53D32160D871}
esri__HasBrewery_325149,esri__single_edge_collection/esri__HasBrewery_325149,Beer/280272,Brewery/264922,_dMtPKe6-_q,{BEB8131F-AD57-4B66-BFB3-FF17D3C27EE3},HasBrewery,{F56F861D-5DFE-4E02-9033-26EFEB9F7CA1},5384,325149,{DEA1A6C2-BE57-4C9F-B307-0E943EF2413B}
esri__HasBrewery_325152,esri__single_edge_collection/esri__HasBrewery_325152,Beer/280275,Brewery/264916,_dMtPKe6-_y,{9B33016F-0974-4794-9A5D-C314DE1F048C},HasBrewery,{EB1304B1-4F7C-4C2D-8A66-D9E1A937150A},5385,325152,{8FE843D5-EDD4-451B-9E59-4D2F1C032EFE}
esri__HasBrewery_325155,esri__single_edge_collection/esri__HasBrewery_325155,Beer/280278,Brewery/264688,_dMtPKf--_N,{04208F16-C287-4BA6-AA98-863DD799C36E},HasBrewery,{A89A7353-2E7E-4067-98FE-AEFE1441AC73},5386,325155,{9FE3E5E6-836F-431E-8709-AAA0B08FA562}
esri__HasBrewery_325158,esri__single_edge_collection/esri__HasBrewery_325158,Beer/280281,Brewery/262116,_dMtPKf--_O,{B1917361-C4B9-48A8-A34A-7A7BB810A762},HasBrewery,{E14C82E0-BFA0-4B0B-A26C-63874215A808},5387,325158,{5B4746C3-869A-4A63-BFFF-9BACC14E7D28}
esri__HasBrewery_325422,esri__single_edge_collection/esri__HasBrewery_325422,Beer/280547,Brewery/261094,_dMtPKf--_P,{90D22566-D25B-46BE-8239-F65EE9DEB258},HasBrewery,{F36F5128-E016-432D-B467-0F2388566E81},5435,325422,{A9B96D4C-88C2-404C-99C7-2279186C9B48}
esri__HasBrewery_325425,esri__single_edge_collection/esri__HasBrewery_325425,Beer/280550,Brewery/263570,_dMtPKf--_Q,{8C5E628B-72D4-48C4-960E-6A309E68BD49},HasBrewery,{76407A01-2412-4CDE-A4CC-319DC3B4DF71},3798,325425,{294DA623-5496-4234-A819-C4A62C8DC18E}
esri__HasBrewery_325428,esri__single_edge_collection/esri__HasBrewery_325428,Beer/280553,Brewery/263570,_dMtPKeu--F,{8C5E628B-72D4-48C4-960E-6A309E68BD49},HasBrewery,{22D92E1B-F319-463B-B939-4AB7A4E3A568},5436,325428,{56070D31-51ED-46F1-A4CE-2D96E26AEF50}
esri__HasBrewery_325431,esri__single_edge_collection/esri__HasBrewery_325431,Beer/280556,Brewery/263055,_dMtPKf--_S,{B9A40456-411A-4A9F-A4A4-2DC106F75DD6},HasBrewery,{C840A28D-733F-4034-85D7-1C79FABCE172},5437,325431,{12BE3252-8BE9-4B1B-9E8B-B8C53512ED4E}
esri__HasBrewery_325440,esri__single_edge_collection/esri__HasBrewery_325440,Beer/280565,Brewery/260764,_dMtPKe2-AT,{FC2CA0CE-717C-4312-8838-718777C7F67E},HasBrewery,{C1AE8952-876D-4513-81E8-675715033522},5438,325440,{AFC9DAED-D26E-4B66-B0F7-3AE70219CE83}
esri__HasBrewery_325461,esri__single_edge_collection/esri__HasBrewery_325461,Beer/280586,Brewery/260764,_dMtPKf--_U,{FC2CA0CE-717C-4312-8838-718777C7F67E},HasBrewery,{2A851264-64A4-42A3-BD95-D41F8890EC24},5443,325461,{B004703A-D769-43C2-B02D-4D95BB588B5A}
esri__HasBrewery_325698,esri__single_edge_collection/esri__HasBrewery_325698,Beer/280823,Brewery/262290,_dMtPKf--_W,{04976A18-1657-4537-8394-172107C384EC},HasBrewery,{511AE3FC-A783-4E14-AC53-68CD01E525A2},5509,325698,{DBC05C3B-D157-42F0-B3FA-5A03A0797DF5}
esri__HasBrewery_325701,esri__single_edge_collection/esri__HasBrewery_325701,Beer/280826,Brewery/260995,_dMtPKf--_Y,{EFA04F4A-9655-4974-BA87-47E46EF62F0D},HasBrewery,{1B7384C4-44BC-43DE-A5AC-E83850EDB0A7},3211,325701,{D86EB662-D2B8-457C-A656-04D14AC8499B}
esri__HasBrewery_325704,esri__single_edge_collection/esri__HasBrewery_325704,Beer/280829,Brewery/264628,_dMtPKf--_b,{774C8780-2707-4A40-91AD-4ED3C70779DB},HasBrewery,{131BCB5D-B329-4E5F-91C3-E06CA2A37F5F},5510,325704,{D19FB69B-E12D-4479-A1E9-2361680A651C}
esri__HasBrewery_325707,esri__single_edge_collection/esri__HasBrewery_325707,Beer/280832,Brewery/264373,_dMtPKf--_e,{27DF9DB2-0324-4A03-8805-325F3D4E4185},HasBrewery,{8D5F1E36-0DE9-460B-B8A0-A44666B02519},5511,325707,{3B343FCF-5806-459B-98FB-FE3251F91680}
esri__HasBrewery_325710,esri__single_edge_collection/esri__HasBrewery_325710,Beer/280835,Brewery/264721,_dMtPKf--_g,{33C6B861-10F3-4FA4-9D28-B14135F1A5FC},HasBrewery,{FD15AD36-1B3A-4B65-AEC3-BA98E4CBAF86},1283,325710,{BF9482BC-21D4-4DE7-B655-C565C1EFA1AD}
esri__HasBrewery_325976,esri__single_edge_collection/esri__HasBrewery_325976,Beer/281099,Brewery/261658,_dMtPKf--_X,{BF8D3DC1-D53D-4949-8BB9-691347DC58CF},HasBrewery,{D1315614-3F2F-4180-9B53-B54013F056A4},5579,325976,{F2A5D1A7-8C82-4882-8A97-66F07C43317F}
esri__HasBrewery_325979,esri__single_edge_collection/esri__HasBrewery_325979,Beer/281102,Brewery/262257,_dMtPKe2--A,{FE7830E0-8C46-45B7-9826-3969D21D776E},HasBrewery,{B9C92DF0-52C4-49FF-B38E-FAE1380123B1},5580,325979,{39E9F304-7901-4BEB-A1FB-D370FB60539C}
esri__HasBrewery_325982,esri__single_edge_collection/esri__HasBrewery_325982,Beer/281105,Brewery/264628,_dMtPKf--_i,{774C8780-2707-4A40-91AD-4ED3C70779DB},HasBrewery,{492C7448-F55D-4657-B7AE-D8CAA88A939D},5581,325982,{3A1AC5AA-403E-468C-A0D1-93075FF68749}
esri__HasBrewery_325985,esri__single_edge_collection/esri__HasBrewery_325985,Beer/281108,Brewery/262404,_dMtPKf---3,{B3F68ED6-1D7B-4C5D-9C21-CAAAD817B429},HasBrewery,{0A07FB27-2C6C-4457-BBF7-67AF18A1FAD9},814,325985,{C15D679C-BB43-4347-B298-0D5EF74C4198}
esri__HasBrewery_325988,esri__single_edge_collection/esri__HasBrewery_325988,Beer/281111,Brewery/261526,_dMtPKe2-_9,{7C338E6C-EA71-45DC-AACB-AE9375868BE7},HasBrewery,{B75D44BD-A586-4BC4-AC64-DABD404BE1D5},5582,325988,{6EAB94EB-B4AD-4218-B089-BBB2AB4E5D12}
esri__HasBrewery_325991,esri__single_edge_collection/esri__HasBrewery_325991,Beer/281114,Brewery/260764,_dMtPKf--_j,{FC2CA0CE-717C-4312-8838-718777C7F67E},HasBrewery,{EB645F31-393A-4FC4-8C6C-5B42D0E74468},5583,325991,{DDFDCC34-1909-40EC-BF0B-DEDBF396D469}
esri__HasBrewery_326252,esri__single_edge_collection/esri__HasBrewery_326252,Beer/281375,Brewery/261987,_dMtPKe2--e,{EA957358-8276-4A67-90C9-3B188BC56434},HasBrewery,{32CA6DF5-4526-4976-A1AB-9CE2BC3D0093},5630,326252,{8A6EB178-F128-4427-ABB1-A25E865DD177}
esri__HasBrewery_326255,esri__single_edge_collection/esri__HasBrewery_326255,Beer/281378,Brewery/264358,_dMtPKe2--Q,{B3523293-AB2D-402E-BDAF-9F6D00BD35D3},HasBrewery,{340C3F92-95A6-4611-8CB4-1C0AAEE274FC},3838,326255,{3A56864D-DAA3-4B7B-A38B-EDCFAFB0ED53}
esri__HasBrewery_326258,esri__single_edge_collection/esri__HasBrewery_326258,Beer/281381,Brewery/261250,_dMtPKf--_l,{A2FB6B12-C4EC-41B9-AB49-F3A098DF5A0D},HasBrewery,{DF9D6C7D-2B66-4156-86C7-9168EFFF4EFD},2440,326258,{142A9ECC-59DF-46A3-BC3D-D53A92843969}
esri__HasBrewery_326261,esri__single_edge_collection/esri__HasBrewery_326261,Beer/281384,Brewery/263609,_dMtPKe2-At,{BA4C2ED5-557D-431B-9C67-3766C8CA90FD},HasBrewery,{BA346B4A-3A1F-483E-932B-FA3CBA8AFD1B},5631,326261,{361A56EB-45D5-426B-AF13-2C115B10C1CD}
esri__HasBrewery_326264,esri__single_edge_collection/esri__HasBrewery_326264,Beer/281387,Brewery/261139,_dMtPKf--_n,{45866300-8CF8-4A85-8925-43AD568BA78C},HasBrewery,{4D31B4B6-E903-4821-AAA7-1C670FA7C58C},3581,326264,{43884231-6C15-40F5-AE80-198B51CAC77A}
esri__HasBrewery_326531,esri__single_edge_collection/esri__HasBrewery_326531,Beer/281659,Brewery/261094,_dMtPKe2--a,{90D22566-D25B-46BE-8239-F65EE9DEB258},HasBrewery,{F61219A1-30FD-4ECD-ACE2-97DA8621C8B7},4185,326531,{095D8EFE-84F5-4DDB-B05D-C21DD058A10E}
esri__HasBrewery_326534,esri__single_edge_collection/esri__HasBrewery_326534,Beer/281662,Brewery/260971,_dMtPKf--_o,{109938CB-D933-47CC-9D64-9063BDF634AC},HasBrewery,{A58E8C70-F269-4BDD-97F7-CADB112F54B7},942,326534,{A672F4F8-4C6C-4602-B82E-A3E84D9818B1}
esri__HasBrewery_326537,esri__single_edge_collection/esri__HasBrewery_326537,Beer/281665,Brewery/260854,_dMtPKe2-_0,{CE8D9A0E-5E3C-4C99-BEE8-203D263258F6},HasBrewery,{46B39527-37E0-4A16-AF21-21E1A7464ED0},4183,326537,{BF756C44-8ECF-471F-A365-B6FD7C85CA59}
esri__HasBrewery_326540,esri__single_edge_collection/esri__HasBrewery_326540,Beer/281668,Brewery/263474,_dMtPKe2--s,{DFF62E4D-2CF1-49B1-B5BB-99B455EF8CCB},HasBrewery,{E8B13F90-C6D1-4EC6-89BA-7EFED8FE6C32},5682,326540,{CEF2FB46-F832-4309-875A-46985CD73F67}
esri__HasBrewery_326780,esri__single_edge_collection/esri__HasBrewery_326780,Beer/281908,Brewery/264466,_dMtPKe2-_1,{8C0F50EA-2E35-4077-9E10-D78997E1DACF},HasBrewery,{1DAE9E5E-8B71-4725-A525-4B907E3ABFA2},1498,326780,{AE95AB8F-09D6-4A9E-A4BE-F1072F5554C2}
esri__HasBrewery_326807,esri__single_edge_collection/esri__HasBrewery_326807,Beer/281935,Brewery/262656,_dMtPKe6--V,{F73CC8BE-3F2F-4DF2-9F8A-2FA65C95165C},HasBrewery,{3EB2531A-EC30-4FE9-9A5A-8C6F5B37CF3D},5727,326807,{82595142-1DF5-41D1-83B6-2152D46DBCED}
esri__HasBrewery_326810,esri__single_edge_collection/esri__HasBrewery_326810,Beer/281938,Brewery/261049,_dMtPKe6--W,{484D7214-2141-4C88-9916-80773CAA9A29},HasBrewery,{3A3F79E6-DD2F-4C33-800D-E6223BE773EA},5728,326810,{B5B3B923-A768-4B33-9CAA-A89E201F109E}
esri__HasBrewery_326813,esri__single_edge_collection/esri__HasBrewery_326813,Beer/281941,Brewery/264067,_dMtPKe2-BI,{F68AD498-2822-4644-BF11-47BFAFD36F92},HasBrewery,{77EF7103-0B3D-45BD-AF63-CA036DDD7D98},5729,326813,{4C22EE8B-42DD-4485-9FDD-10DE386F1DB4}
esri__HasBrewery_326816,esri__single_edge_collection/esri__HasBrewery_326816,Beer/281944,Brewery/262770,_dMtPKe2-BY,{E03FE709-70B7-4EE5-B9E0-7590CF9518C4},HasBrewery,{4836678C-ED0E-45D9-9CE2-AFB6D70EE70C},5730,326816,{9FB77387-A5F3-4A73-BBE5-65149F66AD86}
esri__HasBrewery_326924,esri__single_edge_collection/esri__HasBrewery_326924,Beer/282052,Brewery/264463,_dMtPKf--_q,{B7349292-DE5E-47B2-9AA8-AD62ECC749A9},HasBrewery,{FD4B6269-4373-45E4-987D-72E1E7709BF4},5759,326924,{5130BC60-19D3-41D8-AEB0-913D9F337867}
esri__HasBrewery_327083,esri__single_edge_collection/esri__HasBrewery_327083,Beer/282211,Brewery/263073,_dMtPKey-BO,{5205C88A-AF81-43FB-8AB6-20CFA31DBA87},HasBrewery,{BBF30E4D-E872-4BC3-BF39-3EC52FAA03C3},452,327083,{E05CB4E1-E26D-4234-B0F8-29DBCC8F34E4}
esri__HasBrewery_327086,esri__single_edge_collection/esri__HasBrewery_327086,Beer/282214,Brewery/264733,_dMtPKe6-_s,{2AA2441D-672B-4730-8C74-E773BEF7AAFA},HasBrewery,{322FCEEC-4D38-4D87-A478-D23F83AE3920},5796,327086,{F68ACCFE-E823-40C3-836C-137009468633}
esri__HasBrewery_327089,esri__single_edge_collection/esri__HasBrewery_327089,Beer/282217,Brewery/261088,_dMtPKf--_r,{7945B30A-6825-446C-90AB-794952BD0D48},HasBrewery,{7FB3012A-8224-4343-ADD9-FE9513119512},5797,327089,{B854396D-F8E9-4E41-A98B-EFFBD6CDA803}
esri__HasBrewery_327092,esri__single_edge_collection/esri__HasBrewery_327092,Beer/282220,Brewery/261727,_dMtPKf--_s,{4648A0E3-E765-41A9-954C-02C6EC5ACB0F},HasBrewery,{66430EC9-3A0C-4D0C-83AA-AE681B05CB51},5798,327092,{2DF6AF0E-9A72-4D30-8659-59DC3227FF17}
esri__HasBrewery_327095,esri__single_edge_collection/esri__HasBrewery_327095,Beer/282223,Brewery/262005,_dMtPKey--7,{391EC19D-C749-4DB1-BC91-1CA9D372E768},HasBrewery,{60C3B196-53E4-49BE-B5B9-11D1BD21E505},2953,327095,{CF159D83-AA2B-46FC-B11D-19224D22F564}
esri__HasBrewery_327349,esri__single_edge_collection/esri__HasBrewery_327349,Beer/282472,Brewery/263276,_dMtPKf--_u,{10CEF6A6-327C-4716-A1FA-291FA2745847},HasBrewery,{7575D15B-372D-4747-B45B-2B68AC7DC4EA},1488,327349,{1DE02F65-1CC7-40B8-B5E9-7364C8A27171}
esri__HasBrewery_327364,esri__single_edge_collection/esri__HasBrewery_327364,Beer/282487,Brewery/262806,_dMtPKf--_w,{488C9546-8C6D-4E2E-9A36-843CBA5DFBE9},HasBrewery,{CD487DC1-1C99-4397-BB5C-F6D7DBE3CC82},4787,327364,{D124D87A-FEA1-4FD9-A310-A3C315CA0323}
esri__HasBrewery_327367,esri__single_edge_collection/esri__HasBrewery_327367,Beer/282490,Brewery/262656,_dMtPKf--_x,{F73CC8BE-3F2F-4DF2-9F8A-2FA65C95165C},HasBrewery,{16F430C3-E7B5-4476-8CDE-389B1B93868E},5845,327367,{299184B1-34A4-45A0-9BCF-D60876AE85D4}
esri__HasBrewery_327370,esri__single_edge_collection/esri__HasBrewery_327370,Beer/282493,Brewery/264781,_dMtPKf--_y,{FB7908DB-D474-4D00-9957-A083733CB3AD},HasBrewery,{500427CC-4D29-4353-8ED8-A76C02620CF4},5846,327370,{D0D2ABE1-F15E-49FA-B553-29E97794841C}
esri__HasBrewery_327373,esri__single_edge_collection/esri__HasBrewery_327373,Beer/282496,Brewery/260962,_dMtPKe2-_I,{E4F536BB-C4A6-4961-B638-D02BAEE2F014},HasBrewery,{84A42BBB-8CDB-419E-BA23-ED4A19EE0E0D},5847,327373,{BA04FBBC-5C6A-4EE9-B81F-D022DBD0D39B}
esri__HasBrewery_327376,esri__single_edge_collection/esri__HasBrewery_327376,Beer/282499,Brewery/262035,_dMtPKf--_z,{B182AE11-8B3E-41AC-A5BD-AEC9653BFD9D},HasBrewery,{FA711E1B-048E-4F99-AE31-C1672CB807B5},338,327376,{CC08A55C-F002-46FF-8A6D-F6474517E4F1}
